Job_Type,Location
Data Scientist,MO
Data Scientist,TX
Data Scientist,OR
Data Scientist,DC
Data Scientist,TX
Data Scientist,MD
Data Scientist,NY
Data Scientist,GA
Data Scientist,ID
Data Scientist,MO
Data Scientist,PA
Data Scientist,PA
Data Scientist,TX
Data Scientist,GA
Data Scientist,GA
Data Scientist,FL
Data Scientist,MA
Data Scientist,VA
Data Scientist,NJ
Data Scientist,MA
Data Scientist,LA
Data Scientist,MO
Data Scientist,MO
Data Scientist,NY
Data Scientist,GA
Data Scientist,VA
Data Scientist,LA
Data Scientist,NY
Data Scientist,MA
Data Scientist,CA
Data Scientist,CA
Data Scientist,GA
Data Scientist,CA
Data Scientist,MN
Data Scientist,WA
Data Scientist,CA
Data Scientist,TX
Data Scientist,WA
Data Scientist,NC
Data Scientist,NC
Data Scientist,IL
Data Scientist,CA
Data Scientist,CA
Data Scientist,NY
Data Scientist,CO
Data Scientist,UT
Data Scientist,OH
Data Scientist,CA
Data Scientist,USA
Data Scientist,OR
Data Scientist,WA
Data Scientist,TX
Data Scientist,OH
Data Scientist,FL
Data Scientist,IL
Data Scientist,AR
Data Scientist,VA
Data Scientist,WA
Data Scientist,TX
Data Scientist,VA
Data Scientist,PA
Data Scientist,MO
Data Scientist,NC
Data Scientist,ME
Data Scientist,CA
Data Scientist,IL
Data Scientist,NV
Data Scientist,CT
Data Scientist,WA
Data Scientist,REMOTE
Data Scientist,RI
Data Scientist,PA
Data Scientist,NY
Data Scientist,NY
Data Scientist,VA
Data Scientist,FL
Data Scientist,TN
Data Scientist,FL
Data Scientist,NY
Data Scientist,MA
Data Scientist,TX
Data Scientist,WA
Data Scientist,WI
Data Scientist,DC
Data Scientist,SC
Data Scientist,DC
Data Scientist,MO
Data Scientist,IL
Data Scientist,CA
Data Scientist,MA
Data Scientist,MI
Data Scientist,PA
Data Scientist,NY
Data Scientist,NY
Data Scientist,CA
Data Scientist,KY
Data Scientist,MA
Data Scientist,AZ
Data Scientist,NV
Data Scientist,FL
Data Scientist,WA
Data Scientist,GA
Data Scientist,PA
Data Scientist,MA
Data Scientist,VA
Data Scientist,IL
Data Scientist,UT
Data Scientist,NC
Data Scientist,NY
Data Scientist,MA
Data Scientist,DC
Data Scientist,CO
Data Scientist,NE
Data Scientist,TX
Data Scientist,FL
Data Scientist,NY
Data Scientist,MD
Data Scientist,IN
Data Scientist,USA
Data Scientist,MN
Data Scientist,TX
Data Scientist,MD
Data Scientist,CA
Data Scientist,PA
Data Scientist,PA
Data Scientist,PA
Data Scientist,AR
Data Scientist,CA
Data Scientist,TX
Data Scientist,MI
Data Scientist,WA
Data Scientist,NY
Data Scientist,MI
Data Scientist,PA
Data Scientist,FL
Data Scientist,VA
Data Scientist,MD
Data Scientist,PA
Data Scientist,OH
Data Scientist,TX
Data Scientist,CO
Data Scientist,MO
Data Scientist,CA
Data Scientist,MN
Data Scientist,MN
Data Scientist,TX
Data Scientist,CO
Data Scientist,USA
Data Scientist,FL
Data Scientist,TX
Data Scientist,NE
Data Scientist,TX
Data Scientist,MN
Data Scientist,GA
Data Scientist,VA
Data Scientist,CA
Data Scientist,VA
Data Scientist,MA
Data Scientist,CA
Data Scientist,NC
Data Scientist,CO
Data Scientist,WI
Data Scientist,USA
Data Scientist,MD
Data Scientist,CA
Data Scientist,NM
Data Scientist,GA
Data Scientist,GA
Data Scientist,TX
Data Scientist,TX
Data Scientist,FL
Data Scientist,AZ
Data Scientist,MI
Data Scientist,AZ
Data Scientist,OH
Data Scientist,VA
Data Scientist,CO
Data Scientist,CO
Data Scientist,NC
Data Scientist,NY
Data Scientist,GA
Data Scientist,CA
Data Scientist,OH
Data Scientist,OH
Data Scientist,TX
Data Scientist,VA
Data Scientist,GA
Data Scientist,TX
Data Scientist,VA
Data Scientist,IN
Data Scientist,IN
Data Scientist,IN
Data Scientist,AR
Data Scientist,MI
Data Scientist,MD
Data Scientist,TX
Data Scientist,NJ
Data Scientist,PA
Data Scientist,CO
Data Scientist,TN
Data Scientist,IL
Data Scientist,AL
Data Scientist,AL
Data Scientist,PA
Data Scientist,CA
Data Scientist,NC
Data Scientist,MD
Data Scientist,IL
Data Scientist,MD
Data Scientist,AZ
Data Scientist,CO
Data Scientist,CT
Data Scientist,CO
Data Scientist,MD
Data Scientist,VA
Data Scientist,NE
Data Scientist,NV
Data Scientist,VA
Data Scientist,MD
Data Scientist,WA
Data Scientist,MO
Data Scientist,CO
Data Scientist,CO
Data Scientist,CA
Data Scientist,AL
Data Scientist,VA
Data Scientist,NY
Data Scientist,TN
Data Scientist,AZ
Data Scientist,GA
Data Scientist,GA
Data Scientist,TX
Data Scientist,MD
Data Scientist,VA
Data Scientist,NY
Data Scientist,NY
Data Scientist,MA
Data Scientist,IL
Data Scientist,DC
Data Scientist,TX
Data Scientist,VA
Data Scientist,NV
Data Scientist,CA
Data Scientist,MA
Data Scientist,DC
Data Scientist,PA
Data Scientist,GA
Data Scientist,NV
Data Scientist,MD
Data Scientist,WA
Data Scientist,MO
Data Scientist,CA
Data Scientist,AZ
Data Scientist,VA
Data Scientist,CO
Data Scientist,VA
Data Scientist,NY
Data Scientist,MA
Data Scientist,CA
Data Scientist,TN
Data Scientist,PA
Data Scientist,GA
Data Scientist,IL
Data Scientist,VA
Data Scientist,CO
Data Scientist,NY
Data Scientist,MA
Data Scientist,CA
Data Scientist,TX
Data Scientist,CA
Data Scientist,NY
Data Scientist,MA
Data Scientist,CA
Data Scientist,VA
Data Scientist,MA
Data Scientist,NY
Data Scientist,OR
Data Scientist,IL
Data Scientist,CA
Data Scientist,VA
Data Scientist,GA
Data Scientist,FL
Data Scientist,KS
Data Scientist,CA
Data Scientist,MA
Data Scientist,TX
Data Scientist,OR
Data Scientist,WA
Data Scientist,MA
Data Scientist,OR
Data Scientist,MA
Data Scientist,TX
Data Scientist,AZ
Data Scientist,TX
Data Scientist,FL
Data Scientist,TX
Data Scientist,MA
Data Scientist,KS
Data Scientist,NJ
Data Scientist,NJ
Data Scientist,CA
Data Scientist,USA
Data Scientist,MI
Data Scientist,IN
Data Scientist,OR
Data Scientist,CA
Data Scientist,NJ
Data Scientist,USA
Data Scientist,CA
Data Scientist,TX
Data Scientist,MA
Data Scientist,WA
Data Scientist,CA
Data Scientist,CA
Data Scientist,VA
Data Scientist,GA
Data Scientist,TX
Data Scientist,WA
Data Scientist,WA
Data Scientist,IA
Data Scientist,KY
Data Scientist,FL
Data Scientist,AR
Data Scientist,GA
Data Scientist,TX
Data Scientist,CA
Data Scientist,CA
Data Scientist,CT
Data Scientist,MN
Data Scientist,GA
Data Scientist,GA
Data Scientist,IL
Data Scientist,FL
Data Scientist,MN
Data Scientist,SC
Data Scientist,GA
Data Scientist,REMOTE
Data Scientist,VA
Data Scientist,OH
Data Scientist,CA
Data Scientist,MI
Data Scientist,NC
Data Scientist,AR
Data Scientist,NE
Data Scientist,FL
Data Scientist,AR
Data Scientist,NY
Data Scientist,USA
Data Scientist,TX
Data Scientist,TX
Data Scientist,CA
Data Scientist,OH
Data Scientist,MI
Data Scientist,GA
Data Scientist,NY
Data Scientist,TX
Data Scientist,DC
Data Scientist,GA
Data Scientist,MD
Data Scientist,NE
Data Scientist,NY
Data Scientist,TX
Data Scientist,IL
Data Scientist,MD
Data Scientist,GA
Data Scientist,WA
Data Scientist,CA
Data Scientist,IA
Data Scientist,MA
Data Scientist,PA
Data Scientist,MN
Data Scientist,MO
Data Scientist,CA
Data Scientist,CO
Data Scientist,OH
Data Scientist,CA
Data Scientist,MO
Data Scientist,IL
Data Scientist,MI
Data Scientist,KS
Data Scientist,MA
Data Scientist,GA
Data Scientist,FL
Data Scientist,VA
Data Scientist,WA
Data Scientist,IL
Data Scientist,WA
Data Scientist,NJ
Data Scientist,CA
Data Scientist,CA
Data Scientist,MN
Data Scientist,MN
Data Scientist,NY
Data Scientist,MI
Data Scientist,WI
Data Scientist,VA
Data Scientist,VA
Data Scientist,VA
Data Scientist,MA
Data Scientist,VA
Data Scientist,CA
Data Scientist,MN
Data Scientist,NY
Data Scientist,WA
Data Scientist,CA
Data Scientist,MD
Data Scientist,IL
Data Scientist,OH
Data Scientist,NC
Data Scientist,IL
Data Scientist,IL
Data Scientist,DE
Data Scientist,MO
Data Scientist,CO
Data Scientist,TX
Data Scientist,CT
Data Scientist,WA
Data Scientist,IN
Data Scientist,VA
Data Scientist,WA
Data Scientist,WA
Data Scientist,TX
Data Scientist,MA
Data Scientist,VA
Data Scientist,VA
Data Scientist,GA
Data Scientist,IL
Data Scientist,NC
Data Scientist,IL
Data Scientist,TX
Data Scientist,OH
Data Scientist,MA
Data Scientist,
Data Scientist,IL
Data Scientist,WA
Data Scientist,CA
Data Scientist,NY
Data Scientist,GA
Data Scientist,VA
Data Scientist,AZ
Data Scientist,AZ
Data Scientist,CA
Data Scientist,CA
Data Scientist,CO
Data Scientist,AR
Data Scientist,DC
Data Scientist,CA
Data Scientist,OR
Data Scientist,VA
Data Scientist,IL
Data Scientist,TX
Data Scientist,SC
Data Scientist,IL
Data Scientist,CA
Data Scientist,IL
Data Scientist,NJ
Data Scientist,USA
Data Scientist,VA
Data Scientist,CA
Data Scientist,AZ
Data Scientist,VA
Data Scientist,CA
Data Scientist,VA
Data Scientist,HI
Data Scientist,USA
Data Scientist,CA
Data Scientist,NV
Data Scientist,TX
Data Scientist,NJ
Data Scientist,NJ
Data Scientist,FL
Data Scientist,CA
Data Scientist,TX
Data Scientist,CA
Data Scientist,VA
Data Scientist,MA
Data Scientist,IL
Data Scientist,CO
Data Scientist,HI
Data Scientist,WA
Data Scientist,CA
Data Scientist,MI
Data Scientist,NY
Data Scientist,VA
Data Scientist,MI
Data Scientist,MI
Data Scientist,TX
Data Scientist,VA
Data Scientist,VA
Data Scientist,IN
Data Scientist,WA
Data Scientist,MO
Data Scientist,TX
Data Scientist,IL
Data Scientist,ME
Data Scientist,MA
Data Scientist,CO
Data Scientist,CA
Data Scientist,TX
Data Scientist,CA
Data Scientist,VA
Data Scientist,NC
Data Scientist,TX
Data Scientist,TX
Data Scientist,WI
Data Scientist,MO
Data Scientist,CA
Data Scientist,NC
Data Scientist,ID
Data Scientist,GA
Data Scientist,OH
Data Scientist,TX
Data Scientist,AZ
Data Scientist,OH
Data Scientist,OH
Data Scientist,MD
Data Scientist,GA
Data Scientist,GA
Data Scientist,MN
Data Scientist,DC
Data Scientist,NC
Data Scientist,PA
Data Scientist,WI
Data Scientist,CT
Data Scientist,AR
Data Scientist,AR
Data Scientist,WA
Data Scientist,VA
Data Scientist,WA
Data Scientist,WA
Data Scientist,USA
Data Scientist,WI
Data Scientist,FL
Data Scientist,FL
Data Scientist,MA
Data Scientist,NJ
Data Scientist,CO
Data Scientist,NY
Data Scientist,GA
Data Scientist,NY
Data Scientist,MA
Data Scientist,TX
Data Scientist,WA
Data Scientist,OH
Data Scientist,NY
Data Scientist,NY
Data Scientist,UT
Data Scientist,VA
Data Scientist,TX
Data Scientist,IL
Data Scientist,MD
Data Scientist,OH
Data Scientist,TX
Data Scientist,TX
Data Scientist,NY
Data Scientist,OR
Data Scientist,TX
Data Scientist,IL
Data Scientist,IL
Data Scientist,LA
Data Scientist,LA
Data Scientist,NY
Data Scientist,MA
Data Scientist,CA
Data Scientist,MI
Data Scientist,DC
Data Scientist,NY
Data Scientist,MO
Data Scientist,NY
Data Scientist,OR
Data Scientist,TN
Data Scientist,NY
Data Scientist,FL
Data Scientist,CO
Data Scientist,NH
Data Scientist,NY
Data Scientist,AR
Data Scientist,CA
Data Scientist,FL
Data Scientist,WA
Data Scientist,MA
Data Scientist,PA
Data Scientist,PA
Data Scientist,MA
Data Scientist,FL
Data Scientist,NJ
Data Scientist,MO
Data Scientist,NY
Data Scientist,TN
Data Scientist,TX
Data Scientist,FL
Data Scientist,NJ
Data Scientist,OH
Data Scientist,WA
Data Scientist,DC
Data Scientist,CA
Data Scientist,OH
Data Scientist,NJ
Data Scientist,WA
Data Scientist,MD
Data Scientist,AR
Data Scientist,NY
Data Scientist,PA
Data Scientist,WI
Data Scientist,CA
Data Scientist,NC
Data Scientist,NC
Data Scientist,PA
Data Scientist,CA
Data Scientist,WA
Data Scientist,PA
Data Scientist,CA
Data Scientist,FL
Data Scientist,IN
Data Scientist,MD
Data Scientist,TN
Data Scientist,NH
Data Scientist,NV
Data Scientist,TX
Data Scientist,NY
Data Scientist,CA
Data Scientist,MO
Data Scientist,WI
Data Scientist,DC
Data Scientist,OH
Data Scientist,OH
Data Scientist,NJ
Data Scientist,CA
Data Scientist,NJ
Data Scientist,IL
Data Scientist,CT
Data Scientist,MD
Data Scientist,MI
Data Scientist,MD
Data Scientist,CA
Data Scientist,KS
Data Scientist,IL
Data Scientist,USA
Data Scientist,ID
Data Scientist,CA
Data Scientist,CO
Data Scientist,MD
Data Scientist,NC
Data Scientist,IL
Data Scientist,UT
Data Scientist,CA
Data Scientist,CA
Data Scientist,WA
Data Scientist,OH
Data Scientist,TX
Data Scientist,PA
Data Scientist,NC
Data Scientist,DC
Data Scientist,DC
Data Scientist,HI
Data Scientist,VA
Data Scientist,CA
Data Scientist,TX
Data Scientist,TX
Data Scientist,WA
Data Scientist,MA
Data Scientist,CT
Data Scientist,OH
Data Scientist,VA
Data Scientist,TX
Data Scientist,OH
Data Scientist,WA
Data Scientist,NY
Data Scientist,MI
Data Scientist,NE
Data Scientist,DC
Data Scientist,FL
Data Scientist,MN
Data Scientist,PA
Data Scientist,VA
Data Scientist,CO
Data Scientist,CA
Data Scientist,NC
Data Scientist,NC
Data Scientist,IL
Data Scientist,NC
Data Scientist,NC
Data Scientist,VA
Data Scientist,KS
Data Scientist,ID
Data Scientist,WA
Data Scientist,IN
Data Scientist,NM
Data Scientist,UT
Data Scientist,WI
Data Scientist,IL
Data Scientist,CO
Data Scientist,IN
Data Scientist,IL
Data Scientist,NY
Data Scientist,PA
Data Scientist,DC
Data Scientist,MO
Data Scientist,IL
Data Scientist,TX
Data Scientist,NY
Data Scientist,MD
Data Scientist,DC
Data Scientist,WA
Data Scientist,VA
Data Scientist,MD
Data Scientist,CA
Data Scientist,VA
Data Scientist,NY
Data Scientist,CO
Data Scientist,AZ
Data Scientist,TX
Data Scientist,MA
Data Scientist,CA
Data Scientist,DE
Data Scientist,CO
Data Scientist,WI
Data Scientist,OH
Data Scientist,OR
Data Scientist,CA
Data Scientist,CA
Data Scientist,CT
Data Scientist,PA
Data Scientist,IL
Data Scientist,DC
Data Scientist,NE
Data Scientist,NY
Data Scientist,CA
Data Scientist,CA
Data Scientist,IN
Data Scientist,MI
Data Scientist,TX
Data Scientist,WA
Data Scientist,FL
Data Scientist,TN
Data Scientist,IN
Data Scientist,FL
Data Scientist,OH
Data Scientist,NY
Data Scientist,IL
Data Scientist,TN
Data Scientist,FL
Data Scientist,DC
Data Scientist,MD
Data Scientist,DC
Data Scientist,NC
Data Scientist,CA
Data Scientist,TX
Data Scientist,IL
Data Scientist,CO
Data Scientist,IL
Data Scientist,VA
Data Scientist,OH
Data Scientist,CA
Data Scientist,USA
Data Scientist,MN
Data Scientist,DC
Data Scientist,VA
Data Scientist,NY
Data Scientist,CA
Data Scientist,TX
Data Scientist,DC
Data Scientist,MD
Data Scientist,MD
Data Scientist,IL
Data Scientist,MD
Data Scientist,GA
Data Scientist,MD
Data Scientist,CA
Data Scientist,CO
Data Scientist,WA
Data Scientist,TN
Data Scientist,TX
Data Scientist,TX
Data Scientist,VA
Data Scientist,AL
Data Scientist,MA
Data Scientist,NJ
Data Scientist,IL
Data Scientist,PA
Data Scientist,DC
Data Scientist,IL
Data Scientist,IL
Data Scientist,MD
Data Scientist,MD
Data Scientist,TX
Data Scientist,MA
Data Scientist,NY
Data Scientist,MD
Data Scientist,MD
Data Scientist,IL
Data Scientist,NJ
Data Scientist,VA
Data Scientist,NC
Data Scientist,CO
Data Scientist,DE
Data Scientist,TX
Data Scientist,CO
Data Scientist,IL
Data Scientist,OH
Data Scientist,IL
Data Scientist,CT
Data Scientist,MO
Data Scientist,WA
Data Scientist,TX
Data Scientist,IL
Data Scientist,NV
Data Scientist,PA
Data Scientist,CT
Data Scientist,VA
Data Scientist,CA
Data Scientist,PA
Data Scientist,WI
Data Scientist,NY
Data Scientist,CA
Data Scientist,OH
Data Scientist,ID
Data Scientist,CT
Data Scientist,NY
Data Scientist,NC
Data Scientist,MA
Data Scientist,FL
Data Scientist,NY
Data Scientist,CA
Data Scientist,CA
Data Scientist,NY
Data Scientist,MI
Data Scientist,IL
Data Scientist,CA
Data Scientist,DC
Data Scientist,DC
Data Scientist,VA
Data Scientist,NY
Data Scientist,VA
Data Scientist,IL
Data Scientist,OK
Data Scientist,TX
Data Scientist,MD
Data Scientist,WA
Data Scientist,MD
Data Scientist,VA
Data Scientist,CA
Data Scientist,NC
Data Scientist,NY
Data Scientist,CA
Data Scientist,WA
Data Scientist,VA
Data Scientist,TX
Data Scientist,MA
Data Scientist,VA
Data Scientist,NC
Data Scientist,UT
Data Scientist,DC
Data Scientist,CA
Data Scientist,CA
Data Scientist,MO
Data Scientist,MO
Data Scientist,CT
Data Scientist,CT
Data Scientist,OH
Data Scientist,MD
Data Scientist,NJ
Data Scientist,AL
Data Scientist,MO
Data Scientist,MD
Data Scientist,CA
Data Scientist,CA
Data Scientist,TX
Data Scientist,MA
Data Scientist,DC
Data Scientist,GA
Data Scientist,CO
Data Scientist,CA
Data Scientist,CA
Data Scientist,MA
Data Scientist,CA
Data Scientist,PA
Data Scientist,CO
Data Scientist,WA
Data Scientist,CA
Data Scientist,VA
Data Scientist,PA
Data Scientist,CA
Data Scientist,OH
Data Scientist,VA
Data Scientist,MD
Data Scientist,WA
Data Scientist,AZ
Data Scientist,OH
Data Scientist,VA
Data Scientist,WA
Data Scientist,PA
Data Scientist,VA
Data Scientist,IA
Data Scientist,IA
Data Scientist,VA
Data Scientist,TX
Data Scientist,CA
Data Scientist,CT
Data Scientist,VA
Data Scientist,IL
Data Scientist,IL
Data Scientist,NY
Data Scientist,CT
Data Scientist,VA
Data Scientist,MA
Data Scientist,WA
Data Scientist,CA
Data Scientist,WA
Data Scientist,MD
Data Scientist,WA
Data Scientist,OH
Data Scientist,OH
Data Scientist,CT
Data Scientist,CA
Data Scientist,KY
Data Scientist,MA
Data Scientist,AZ
Data Scientist,CA
Data Scientist,CA
Data Scientist,DC
Data Scientist,VA
Data Scientist,MI
Data Scientist,CA
Data Scientist,VA
Data Scientist,MA
Data Scientist,NC
Data Scientist,CA
Data Scientist,NY
Data Scientist,NC
Data Scientist,DE
Data Scientist,VA
Data Scientist,NJ
Data Scientist,WA
Data Scientist,FL
Data Scientist,NY
Data Scientist,AZ
Data Scientist,TX
Data Scientist,VA
Data Scientist,CA
Data Scientist,VA
Data Scientist,IL
Data Scientist,CA
Data Scientist,USA
Data Scientist,CA
Data Scientist,DC
Data Scientist,NY
Data Scientist,CA
Data Scientist,NY
Data Scientist,VA
Data Scientist,MD
Data Scientist,MA
Data Scientist,VA
Data Scientist,CA
Data Scientist,TX
Data Scientist,TX
Data Scientist,VA
Data Scientist,MA
Data Scientist,AL
Data Scientist,CA
Data Scientist,CA
Data Scientist,VA
Data Scientist,CA
Data Scientist,TX
Data Scientist,NC
Data Scientist,CA
Data Scientist,CO
Data Scientist,MA
Data Scientist,CA
Data Scientist,MN
Data Scientist,MN
Data Scientist,OH
Data Scientist,CT
Data Scientist,IA
Data Scientist,NY
Data Scientist,CA
Data Scientist,TX
Data Scientist,GA
Data Scientist,OR
Data Scientist,OH
Data Scientist,GA
Data Scientist,NY
Data Scientist,DC
Data Scientist,PA
Data Scientist,CA
Data Scientist,WA
Data Scientist,NM
Data Scientist,AZ
Data Scientist,MA
Data Scientist,VA
Data Scientist,WA
Data Scientist,NY
Data Scientist,CA
Data Scientist,CA
Data Scientist,CA
Data Scientist,NY
Data Scientist,CO
Data Scientist,MA
Data Scientist,CA
Data Scientist,NJ
Data Scientist,GA
Data Scientist,CA
Data Scientist,CA
Data Scientist,TX
Data Scientist,GA
Data Scientist,DC
Data Scientist,WA
Data Scientist,TX
Data Scientist,VA
Data Scientist,MA
Data Scientist,CO
Data Scientist,CA
Data Scientist,USA
Data Scientist,CA
Data Scientist,CA
Data Scientist,CA
Data Scientist,CA
Data Scientist,CA
Data Scientist,CA
Data Scientist,CA
Data Scientist,CA
Data Scientist,CA
Data Scientist,NY
Data Scientist,CA
Data Scientist,USA
Data Scientist,NY
Data Scientist,TX
Data Scientist,CA
Data Scientist,USA
Data Scientist,NY
Data Scientist,CO
Data Scientist,MA
Data Scientist,MA
Data Scientist,VA
Data Scientist,MA
Data Scientist,CO
Data Scientist,CA
Data Scientist,TX
Data Scientist,NC
Data Scientist,CO
Data Scientist,CA
Data Scientist,MA
Data Scientist,CT
Data Scientist,VA
Data Scientist,CA
Data Scientist,MD
Data Scientist,MD
Data Scientist,TX
Data Scientist,MD
Data Scientist,TX
Data Scientist,TX
Data Scientist,FL
Data Scientist,CA
Data Scientist,CA
Data Scientist,NY
Data Scientist,CT
Data Scientist,CT
Data Scientist,MA
Data Scientist,WI
Data Scientist,PA
Data Scientist,NY
Data Scientist,NC
Data Scientist,CO
Data Scientist,IL
Data Scientist,FL
Data Scientist,CA
Data Scientist,WA
Data Scientist,CA
Data Scientist,WA
Data Scientist,CA
Data Scientist,NY
Data Scientist,FL
Data Scientist,DC
Data Scientist,NY
Data Scientist,CA
Data Scientist,NY
Data Scientist,IL
Data Scientist,PA
Data Scientist,TX
Data Scientist,TX
Data Scientist,VA
Data Scientist,VA
Data Scientist,VA
Data Scientist,VA
Data Scientist,MD
Data Scientist,CA
Data Scientist,TX
Data Scientist,CA
Data Scientist,IL
Data Scientist,IL
Data Scientist,NY
Data Scientist,CA
Data Scientist,CA
Data Scientist,CA
Data Scientist,CA
Data Scientist,REMOTE
Data Scientist,MD
Data Scientist,CA
Data Scientist,CA
Data Scientist,CA
Data Scientist,MA
Data Scientist,NY
Data Scientist,TX
Data Scientist,CA
Data Scientist,CA
Data Scientist,CT
Data Scientist,GA
Data Scientist,CA
Data Scientist,CA
Data Scientist,TX
Data Scientist,CA
Data Scientist,IL
Data Scientist,CA
Data Scientist,IL
Data Scientist,MA
Data Scientist,MD
Data Scientist,IN
Data Scientist,DC
Data Scientist,PA
Data Scientist,IL
Data Scientist,MA
Data Scientist,IL
Data Scientist,CA
Data Scientist,TX
Data Scientist,TX
Data Scientist,CA
Data Scientist,CA
Data Scientist,CA
Data Scientist,DC
Data Scientist,CA
Data Scientist,PA
Data Scientist,CA
Data Scientist,NJ
Data Scientist,NJ
Data Scientist,CA
Data Scientist,IN
Data Scientist,MA
Data Scientist,CA
Data Scientist,USA
Data Scientist,CA
Data Scientist,NY
Data Scientist,GA
Data Scientist,WI
Data Scientist,NY
Data Scientist,MA
Data Scientist,CA
Data Scientist,CA
Data Scientist,CA
Data Scientist,CA
Data Scientist,FL
Data Scientist,WA
Data Scientist,CA
Data Scientist,WA
Data Scientist,IL
Data Scientist,CA
Data Scientist,CA
Data Scientist,FL
Data Scientist,FL
Data Scientist,TX
Data Scientist,FL
Data Scientist,MD
Data Scientist,CA
Data Scientist,CA
Data Scientist,TX
Data Scientist,NY
Data Scientist,USA
Data Scientist,
Data Scientist,CA
Data Scientist,NY
Data Scientist,MO
Data Scientist,CA
Data Scientist,CT
Data Scientist,CA
Data Scientist,MD
Data Scientist,NY
Data Scientist,CA
Data Scientist,NY
Data Scientist,VA
Data Scientist,NY
Data Scientist,NY
Data Scientist,CA
Data Scientist,CA
Data Scientist,CA
Data Scientist,NY
Data Scientist,IL
Data Scientist,CA
Data Scientist,OH
Data Scientist,VA
Data Scientist,AL
Data Scientist,IL
Data Scientist,MA
Data Scientist,CA
Data Scientist,CA
Data Scientist,CA
Data Scientist,AZ
Data Scientist,CA
Data Scientist,PA
Data Scientist,MN
Data Scientist,CT
Data Scientist,CA
Data Scientist,MD
Data Scientist,CA
Data Scientist,TX
Data Scientist,NY
Data Scientist,TN
Data Scientist,CT
Data Scientist,MA
Data Scientist,CA
Data Scientist,CA
Data Scientist,OH
Data Scientist,CA
Data Scientist,FL
Data Scientist,TN
Data Scientist,RI
Data Scientist,CA
Data Scientist,GA
Data Scientist,WI
Data Scientist,USA
Data Scientist,CA
Data Scientist,MN
Data Scientist,MN
Data Scientist,WI
Data Scientist,VA
Data Scientist,IL
Data Scientist,MA
Data Scientist,MN
Data Scientist,CA
Data Scientist,IL
Data Scientist,IL
Data Scientist,CA
Data Scientist,CA
Data Scientist,MA
Data Scientist,CA
Data Scientist,CA
Data Scientist,NY
Data Scientist,TX
Data Scientist,NY
Data Scientist,CA
Data Scientist,NC
Data Scientist,NY
Data Scientist,WI
Data Scientist,CA
Data Scientist,CA
Data Scientist,CA
Data Scientist,DC
Data Scientist,OR
Data Scientist,CA
Data Scientist,CA
Data Scientist,CA
Data Scientist,GA
Data Scientist,NY
Data Scientist,CA
Data Scientist,VA
Data Scientist,CA
Data Scientist,CT
Data Scientist,WA
Data Scientist,MA
Data Scientist,DC
Data Scientist,GA
Data Scientist,CA
Data Scientist,NY
Data Scientist,MA
Data Scientist,CA
Data Scientist,MA
Data Scientist,WA
Data Scientist,MO
Data Scientist,IL
Data Scientist,UT
Data Scientist,MA
Data Scientist,DC
Data Scientist,USA
Data Scientist,VA
Data Scientist,PA
Data Scientist,MI
Data Scientist,GA
Data Scientist,TN
Data Scientist,CA
Data Scientist,CA
Data Scientist,VA
Data Scientist,CA
Data Scientist,MN
Data Scientist,TN
Data Scientist,CA
Data Scientist,CA
Data Scientist,MA
Data Scientist,WA
Data Scientist,GA
Data Scientist,FL
Data Scientist,VA
Data Scientist,TX
Data Scientist,CA
Data Scientist,NC
Data Scientist,MI
Data Scientist,NY
Data Scientist,CA
Data Scientist,DC
Data Scientist,VA
Data Scientist,NY
Data Scientist,CA
Data Scientist,AL
Data Scientist,OH
Data Scientist,CA
Data Scientist,DC
Data Scientist,SC
Data Scientist,CA
Data Scientist,MA
Data Scientist,DC
Data Scientist,CA
Data Scientist,MA
Data Scientist,MA
Data Scientist,MA
Data Scientist,VA
Data Scientist,CA
Data Scientist,CA
Data Scientist,CA
Data Scientist,WA
Data Scientist,AZ
Data Scientist,IL
Data Scientist,TX
Data Scientist,DC
Data Scientist,WA
Data Scientist,MA
Data Scientist,MD
Data Scientist,NY
Data Scientist,VA
Data Scientist,USA
Data Scientist,FL
Data Scientist,OH
Data Scientist,NC
Data Scientist,IA
Data Scientist,CA
Data Scientist,CA
Data Scientist,CA
Data Scientist,CA
Data Scientist,CA
Data Scientist,CA
Data Scientist,TX
Data Scientist,NJ
Data Scientist,GA
Data Scientist,PA
Data Scientist,CA
Data Scientist,TX
Data Scientist,DC
Data Scientist,WI
Data Scientist,CA
Data Scientist,USA
Data Scientist,MD
Data Scientist,CA
Data Scientist,WA
Data Scientist,FL
Data Scientist,CA
Data Scientist,CA
Data Scientist,PA
Data Scientist,UT
Data Scientist,CA
Data Scientist,MO
Data Scientist,CA
Data Scientist,CA
Data Scientist,TX
Data Scientist,CA
Data Scientist,CA
Data Scientist,MN
Data Scientist,VA
Data Scientist,MA
Data Scientist,IL
Data Scientist,WA
Data Scientist,TX
Data Scientist,OH
Data Scientist,NY
Data Scientist,NJ
Data Scientist,NJ
Data Scientist,MA
Data Scientist,MD
Data Scientist,DC
Data Scientist,WA
Data Scientist,TX
Data Scientist,CA
Data Scientist,MA
Data Scientist,VA
Data Scientist,VA
Data Scientist,NC
Data Scientist,VA
Data Scientist,VA
Data Scientist,MO
Data Scientist,TX
Data Scientist,AR
Data Scientist,NY
Data Scientist,TX
Data Scientist,TX
Data Scientist,NC
Data Scientist,GA
Data Scientist,CA
Data Scientist,CA
Data Scientist,MA
Data Scientist,IL
Data Scientist,PA
Data Scientist,CA
Data Scientist,CA
Data Scientist,CA
Data Scientist,CA
Data Scientist,CA
Data Scientist,CA
Data Scientist,NY
Data Scientist,DE
Data Scientist,USA
Data Scientist,OR
Data Scientist,CA
Data Scientist,CA
Data Scientist,CA
Data Scientist,DC
Data Scientist,AZ
Data Scientist,NY
Data Scientist,MI
Data Scientist,MA
Data Scientist,USA
Data Scientist,NY
Data Scientist,CA
Data Scientist,NC
Data Scientist,WA
Data Scientist,TX
Data Scientist,IL
Data Scientist,CA
Data Scientist,IL
Data Scientist,CA
Data Scientist,NY
Data Scientist,NY
Data Scientist,MA
Data Scientist,MA
Data Scientist,MA
Data Scientist,OH
Data Scientist,OH
Data Scientist,AR
Data Scientist,CO
Data Scientist,MA
Data Scientist,MD
Data Scientist,WA
Data Scientist,CA
Data Scientist,NY
Data Scientist,MI
Data Scientist,CA
Data Scientist,NJ
Data Scientist,PA
Data Scientist,GA
Data Scientist,MD
Data Scientist,MA
Data Scientist,CA
Data Scientist,DE
Data Scientist,USA
Data Scientist,DC
Data Scientist,USA
Data Scientist,AR
Data Scientist,CA
Data Scientist,WA
Data Scientist,CA
Data Scientist,OR
Data Scientist,VA
Data Scientist,NJ
Data Scientist,CA
Data Scientist,CA
Data Scientist,AL
Data Scientist,CA
Data Scientist,CA
Data Scientist,CA
Data Scientist,OH
Data Scientist,MA
Data Scientist,VA
Data Scientist,AR
Data Scientist,WA
Data Scientist,CA
Data Scientist,NY
Data Scientist,IL
Data Scientist,CA
Data Scientist,TN
Data Scientist,MA
Data Scientist,NY
Data Scientist,WA
Data Scientist,NY
Data Scientist,CA
Data Scientist,WA
Data Scientist,NY
Data Scientist,MN
Data Scientist,MA
Data Scientist,OR
Data Scientist,CA
Data Scientist,WA
Data Scientist,MA
Data Scientist,NC
Data Scientist,TX
Data Scientist,USA
Data Scientist,CA
Data Scientist,KY
Data Scientist,CA
Data Scientist,WA
Data Scientist,DC
Data Scientist,TX
Data Scientist,TX
Data Scientist,NJ
Data Scientist,CA
Data Scientist,MA
Data Scientist,DC
Data Scientist,WI
Data Scientist,MA
Data Scientist,NJ
Data Scientist,NJ
Data Scientist,NJ
Data Scientist,NC
Data Scientist,IL
Data Scientist,MA
Data Scientist,CA
Data Scientist,SC
Data Scientist,DE
Data Scientist,OR
Data Scientist,WA
Data Scientist,NY
Data Scientist,VA
Data Scientist,MA
Data Scientist,IL
Data Scientist,IL
Data Scientist,KY
Data Scientist,NY
Data Scientist,DC
Data Scientist,MD
Data Scientist,DC
Data Scientist,CA
Data Scientist,MN
Data Scientist,VA
Data Scientist,CA
Data Scientist,IL
Data Scientist,NC
Data Scientist,NC
Data Scientist,CA
Data Scientist,GA
Data Scientist,MA
Data Scientist,TX
Data Scientist,VA
Data Scientist,CA
Data Scientist,IL
Data Scientist,GA
Data Scientist,MD
Data Scientist,VA
Data Scientist,NY
Data Scientist,MA
Data Scientist,MA
Data Scientist,IN
Data Scientist,IL
Data Scientist,CA
Data Scientist,GA
Data Scientist,USA
Data Scientist,CA
Data Scientist,MD
Data Scientist,IL
Data Scientist,WA
Data Scientist,MD
Data Scientist,MD
Data Scientist,MD
Data Scientist,MD
Data Scientist,MD
Data Scientist,MA
Data Scientist,CA
Data Scientist,MD
Data Scientist,PA
Data Scientist,IL
Data Scientist,CO
Data Scientist,NC
Data Scientist,VA
Data Scientist,CA
Data Scientist,CA
Data Scientist,MA
Data Scientist,NC
Data Scientist,MA
Data Scientist,IL
Data Scientist,VA
Data Scientist,IL
Data Scientist,CA
Data Scientist,DC
Data Scientist,IL
Data Scientist,WA
Data Scientist,MA
Data Scientist,CA
Data Scientist,NY
Data Scientist,NJ
Data Scientist,NJ
Data Scientist,VA
Data Scientist,TX
Data Scientist,CA
Data Scientist,CA
Data Scientist,WA
Data Scientist,MO
Data Scientist,MO
Data Scientist,CA
Data Scientist,MD
Data Scientist,NY
Data Scientist,NY
Data Scientist,IA
Data Scientist,WI
Data Scientist,CA
Data Scientist,DC
Data Scientist,IL
Data Scientist,MD
Data Scientist,NY
Data Scientist,RI
Data Scientist,CA
Data Scientist,PA
Data Scientist,OH
Data Scientist,OH
Data Scientist,PA
Data Scientist,VA
Data Scientist,CA
Data Scientist,MA
Data Scientist,CA
Data Scientist,NY
Data Scientist,VA
Data Scientist,MO
Data Scientist,VA
Data Scientist,CA
Data Scientist,TX
Data Scientist,NC
Data Scientist,MA
Data Scientist,WA
Data Scientist,TX
Data Scientist,WA
Data Scientist,TX
Data Scientist,VA
Data Scientist,IN
Data Scientist,VA
Data Scientist,OH
Data Scientist,WA
Data Scientist,CA
Data Scientist,CT
Data Scientist,TX
Data Scientist,GA
Data Scientist,NY
Data Scientist,CO
Data Scientist,WA
Data Scientist,SC
Data Scientist,MD
Data Scientist,VA
Data Scientist,VA
Data Scientist,WA
Data Scientist,CA
Data Scientist,IL
Data Scientist,MA
Data Scientist,MA
Data Scientist,GA
Data Scientist,CA
Data Scientist,NY
Data Scientist,USA
Data Scientist,MA
Data Scientist,DC
Data Scientist,DC
Data Scientist,CA
Data Scientist,VA
Data Scientist,IN
Data Scientist,NJ
Data Scientist,CA
Data Scientist,TX
Data Scientist,MD
Data Scientist,PA
Data Scientist,CA
Data Scientist,MI
Data Scientist,MD
Data Scientist,CA
Data Scientist,IL
Data Scientist,CA
Data Scientist,NY
Data Scientist,NY
Data Scientist,IL
Data Scientist,VA
Data Scientist,DC
Data Scientist,PA
Data Scientist,CA
Data Scientist,VA
Data Scientist,NC
Data Scientist,VA
Data Scientist,VA
Data Scientist,NY
Data Scientist,CA
Data Scientist,VA
Data Scientist,NY
Data Scientist,DC
Data Scientist,IL
Data Scientist,CA
Data Scientist,NY
Data Scientist,AR
Data Scientist,MD
Data Scientist,MD
Data Scientist,MD
Data Scientist,IL
Data Scientist,TX
Data Scientist,VA
Data Scientist,VA
Data Scientist,TX
Data Scientist,UT
Data Scientist,VA
Data Scientist,PA
Data Scientist,CA
Data Scientist,CT
Data Scientist,FL
Data Scientist,MA
Data Scientist,CA
Data Scientist,MN
Data Scientist,VA
Data Scientist,MA
Data Scientist,AZ
Data Scientist,NY
Data Scientist,TX
Data Scientist,WA
Data Scientist,GA
Data Scientist,NY
Data Scientist,MA
Data Scientist,CA
Data Scientist,AZ
Data Scientist,TX
Data Scientist,IL
Data Scientist,IA
Data Scientist,VA
Data Scientist,VA
Data Scientist,IL
Data Scientist,CA
Data Scientist,VA
Data Scientist,TX
Data Scientist,NY
Data Scientist,NY
Data Scientist,AZ
Data Scientist,NJ
Data Scientist,PA
Data Scientist,IL
Data Scientist,WA
Data Scientist,MI
Data Scientist,OH
Data Scientist,CA
Data Scientist,DC
Data Scientist,CA
Data Scientist,CA
Data Scientist,MI
Data Scientist,MA
Data Scientist,NC
Data Scientist,DC
Data Scientist,CA
Data Scientist,DC
Data Scientist,CA
Data Scientist,CA
Data Scientist,CA
Data Scientist,CA
Data Scientist,VA
Data Scientist,VA
Data Scientist,VA
Data Scientist,WA
Data Scientist,CA
Data Scientist,CA
Data Scientist,NY
Data Scientist,PA
Data Scientist,NY
Data Scientist,IL
Data Scientist,TX
Data Scientist,NY
Data Scientist,CA
Data Scientist,CA
Data Scientist,IL
Data Scientist,VA
Data Scientist,CA
Data Scientist,WA
Data Scientist,WA
Data Scientist,CA
Data Scientist,CO
Data Scientist,CA
Data Scientist,CA
Data Scientist,NY
Data Scientist,CA
Data Scientist,CA
Data Scientist,CA
Data Scientist,CA
Data Scientist,CA
Data Scientist,CA
Data Scientist,CA
Data Scientist,CA
Data Scientist,CA
Data Scientist,CT
Data Scientist,MO
Data Scientist,CA
Data Scientist,NY
Data Scientist,USA
Data Scientist,CA
Data Scientist,NY
Data Scientist,CA
Data Scientist,CA
Data Scientist,CA
Data Scientist,TX
Data Scientist,CA
Data Scientist,MA
Data Scientist,CA
Data Scientist,CA
Data Scientist,NJ
Data Scientist,CA
Data Scientist,CA
Data Scientist,CA
Data Scientist,IA
Data Scientist,CA
Data Scientist,CA
Data Scientist,CA
Data Scientist,CA
Data Scientist,CA
Data Scientist,NY
Data Scientist,CA
Data Scientist,CA
Data Scientist,CA
Data Scientist,CA
Data Scientist,CA
Data Scientist,CA
Data Scientist,CA
Data Scientist,NY
Data Scientist,NY
Data Scientist,WA
Data Scientist,CA
Data Scientist,NY
Data Scientist,TX
Data Scientist,CO
Data Scientist,CA
Data Scientist,CA
Data Scientist,TX
Data Scientist,NY
Data Scientist,CA
Data Scientist,CA
Data Scientist,CA
Data Scientist,NY
Data Scientist,NY
Data Scientist,CA
Data Scientist,CA
Data Scientist,CA
Data Scientist,NY
Data Scientist,NY
Data Scientist,WA
Data Scientist,CA
Data Scientist,NY
Data Scientist,NY
Data Scientist,CA
Data Scientist,CA
Data Scientist,CA
Data Scientist,CA
Data Scientist,CA
Data Scientist,CA
Data Scientist,NY
Data Scientist,NC
Data Scientist,CA
Data Scientist,CA
Data Scientist,CA
Data Scientist,NY
Data Scientist,MO
Data Scientist,CA
Data Scientist,NY
Data Scientist,VA
Data Scientist,VA
Data Scientist,CA
Data Scientist,WA
Data Scientist,REMOTE
Data Scientist,MO
Data Scientist,CA
Data Scientist,CA
Data Scientist,CA
Data Scientist,CA
Data Scientist,CA
Data Scientist,TN
Data Scientist,CA
Data Scientist,CA
Data Scientist,CA
Data Scientist,CA
Data Scientist,VA
Data Scientist,CA
Data Scientist,CA
Data Scientist,CA
Data Scientist,CA
Data Scientist,CA
Data Scientist,CA
Data Scientist,NY
Data Scientist,CA
Data Scientist,NY
Data Scientist,WA
Data Scientist,CA
Data Scientist,NY
Data Scientist,NY
Data Scientist,CA
Data Scientist,MA
Data Scientist,CA
Data Scientist,CA
Data Scientist,IL
Data Scientist,CA
Data Scientist,NY
Data Scientist,CA
Data Scientist,CA
Data Scientist,CA
Data Scientist,CA
Data Scientist,CA
Data Scientist,WA
Data Scientist,CA
Data Scientist,CA
Data Scientist,NJ
Data Scientist,CA
Data Scientist,CA
Data Scientist,CA
Data Scientist,NY
Data Scientist,CA
Data Scientist,NC
Data Scientist,CA
Data Scientist,WA
Data Scientist,CA
Data Scientist,CA
Data Scientist,CA
Data Scientist,WA
Data Scientist,CA
Data Scientist,CA
Data Scientist,CA
Data Scientist,CA
Data Scientist,TX
Data Scientist,CA
Data Scientist,WA
Data Scientist,NY
Data Scientist,NY
Data Scientist,CA
Data Scientist,CA
Data Scientist,CA
Data Scientist,CA
Data Scientist,CA
Data Scientist,NJ
Data Scientist,CA
Data Scientist,CA
Data Scientist,CA
Data Scientist,CA
Data Scientist,NY
Data Scientist,CA
Data Scientist,NY
Data Scientist,VA
Data Scientist,CA
Data Scientist,CA
Data Scientist,CA
Data Scientist,NY
Data Scientist,NJ
Data Scientist,CA
Data Scientist,CA
Data Scientist,CA
Data Scientist,WA
Data Scientist,MA
Data Scientist,CA
Data Scientist,CA
Data Scientist,CA
Data Scientist,CA
Data Scientist,CA
Data Scientist,WA
Data Scientist,FL
Data Scientist,WA
Data Scientist,CA
Data Scientist,CA
Data Scientist,CA
Data Scientist,NJ
Data Scientist,NJ
Data Scientist,CA
Data Scientist,CA
Data Scientist,WA
Data Scientist,CA
Data Scientist,CA
Data Scientist,CA
Data Scientist,NJ
Data Scientist,CA
Data Scientist,CA
Data Scientist,CA
Data Scientist,CA
Data Scientist,CA
Data Scientist,NJ
Data Scientist,CA
Data Scientist,IL
Data Scientist,CA
Data Scientist,IL
Data Scientist,CA
Data Scientist,GA
Data Scientist,CA
Data Scientist,CA
Data Scientist,IL
Data Scientist,AZ
Data Scientist,USA
Data Scientist,CA
Data Scientist,CA
Data Scientist,WA
Data Scientist,NJ
Data Scientist,CA
Data Scientist,CA
Data Scientist,CA
Data Scientist,CA
Data Scientist,CA
Data Scientist,DC
Data Scientist,CA
Data Scientist,CA
Data Scientist,CA
Data Scientist,CA
Data Scientist,DC
Data Scientist,CA
Data Scientist,NY
Data Scientist,VA
Data Scientist,MD
Data Scientist,CA
Data Scientist,CA
Data Scientist,CA
Data Scientist,NY
Data Scientist,CA
Data Scientist,CA
Data Scientist,CA
Data Scientist,NY
Data Scientist,CA
Data Scientist,MI
Data Scientist,CA
Data Scientist,WA
Data Scientist,CA
Data Scientist,NY
Data Scientist,MI
Data Scientist,WA
Data Scientist,CA
Data Scientist,MA
Data Scientist,NY
Data Scientist,VA
Data Scientist,CA
Data Scientist,CA
Data Scientist,CA
Data Scientist,CA
Data Scientist,VA
Data Scientist,CA
Data Scientist,CA
Data Scientist,CA
Data Scientist,CA
Data Scientist,CA
Data Scientist,CA
Data Scientist,HI
Data Scientist,CT
Data Scientist,DC
Data Scientist,CA
Data Scientist,NC
Data Scientist,NY
Data Scientist,WA
Data Scientist,CA
Data Scientist,CA
Data Scientist,CA
Data Scientist,AR
Data Scientist,NC
Data Scientist,VA
Data Scientist,CA
Data Scientist,CA
Data Scientist,CA
Data Scientist,NY
Data Scientist,WA
Data Scientist,NY
Data Scientist,VA
Data Scientist,CA
Data Scientist,VA
Data Scientist,NJ
Data Scientist,KY
Data Scientist,NY
Data Scientist,DC
Data Scientist,CA
Data Scientist,MN
Data Scientist,MD
Data Scientist,CT
Data Scientist,VA
Data Scientist,CA
Data Scientist,CA
Data Scientist,MA
Data Scientist,CA
Data Scientist,CA
Data Scientist,MA
Data Scientist,TX
Data Scientist,CA
Data Scientist,MA
Data Scientist,NY
Data Scientist,NY
Data Scientist,CA
Data Scientist,CA
Data Scientist,MA
Data Scientist,CA
Data Scientist,MD
Data Scientist,AZ
Data Scientist,CA
Data Scientist,MD
Data Scientist,NY
Data Scientist,VA
Data Scientist,NY
Data Scientist,CA
Data Scientist,IL
Data Scientist,CA
Data Scientist,CA
Data Scientist,CA
Data Scientist,CA
Data Scientist,CA
Data Scientist,CA
Data Scientist,NY
Data Scientist,NC
Data Scientist,VA
Data Scientist,USA
Data Scientist,WA
Data Scientist,CA
Data Scientist,CA
Data Scientist,MO
Data Scientist,NY
Data Scientist,NY
Data Scientist,NY
Data Scientist,CA
Data Scientist,MD
Data Scientist,AR
Data Scientist,NY
Data Scientist,CA
Data Scientist,MA
Data Scientist,VA
Data Scientist,TX
Data Scientist,NY
Data Scientist,VA
Data Scientist,IN
Data Scientist,DC
Data Scientist,CA
Data Scientist,CA
Data Scientist,NH
Data Scientist,MD
Data Scientist,MD
Data Scientist,MD
Data Scientist,CO
Data Scientist,VA
Data Scientist,NC
Data Scientist,CA
Data Scientist,CA
Data Scientist,CA
Data Scientist,CA
Data Scientist,OR
Data Scientist,TX
Data Scientist,NY
Data Scientist,WA
Data Scientist,WA
Data Scientist,CA
Data Scientist,CA
Data Scientist,TX
Data Scientist,NC
Data Scientist,NY
Data Scientist,CA
Data Scientist,MA
Data Scientist,CA
Data Scientist,CA
Data Scientist,USA
Data Scientist,VA
Data Scientist,NY
Data Scientist,CA
Data Scientist,USA
Data Scientist,CA
Data Scientist,NC
Data Scientist,NY
Data Scientist,MA
Data Scientist,VA
Data Scientist,WA
Data Scientist,IL
Data Scientist,CA
Data Scientist,VA
Data Scientist,NY
Data Scientist,MA
Data Scientist,VA
Data Scientist,WA
Data Scientist,DC
Data Scientist,CA
Data Scientist,NJ
Data Scientist,NY
Data Scientist,MA
Data Scientist,NY
Data Scientist,WA
Data Scientist,CA
Data Scientist,CA
Data Scientist,VA
Data Scientist,CA
Data Scientist,CA
Data Scientist,CA
Data Scientist,CA
Data Scientist,NY
Data Scientist,WA
Data Scientist,VA
Data Scientist,MD
Data Scientist,WA
Data Scientist,CA
Data Scientist,CA
Data Scientist,CA
Data Scientist,CA
Data Scientist,CA
Data Scientist,TX
Data Scientist,CA
Data Scientist,CA
Data Scientist,MA
Data Scientist,VA
Data Scientist,NJ
Data Scientist,NY
Data Scientist,VA
Data Scientist,VA
Data Scientist,REMOTE
Data Scientist,VA
Data Scientist,USA
Data Scientist,CA
Data Scientist,VA
Data Scientist,NY
Data Scientist,CA
Data Scientist,CA
Data Scientist,CA
Data Scientist,PA
Data Scientist,CA
Data Scientist,CA
Data Scientist,MD
Data Scientist,USA
Data Scientist,VA
Data Scientist,CA
Data Scientist,CA
Data Scientist,CA
Data Scientist,VA
Data Scientist,CA
Data Scientist,CA
Data Scientist,WA
Data Scientist,MD
Data Scientist,CT
Data Scientist,NY
Data Scientist,CA
Data Scientist,CA
Data Scientist,DC
Data Scientist,NY
Data Scientist,DC
Data Scientist,CA
Data Scientist,USA
Data Scientist,CA
Data Scientist,NY
Data Scientist,NY
Data Scientist,NY
Data Scientist,IL
Data Scientist,NY
Data Scientist,NY
Data Scientist,CA
Data Scientist,VA
Data Scientist,CA
Data Scientist,USA
Data Scientist,CA
Data Scientist,CA
Data Scientist,GA
Data Scientist,CA
Data Scientist,CA
Data Scientist,VA
Data Scientist,VA
Data Scientist,VA
Data Scientist,MD
Data Scientist,TX
Data Scientist,CA
Data Scientist,CA
Data Scientist,CA
Data Scientist,NJ
Data Scientist,TX
Data Scientist,CA
Data Scientist,PA
Data Scientist,IL
Data Scientist,CA
Data Scientist,CA
Data Scientist,CA
Data Scientist,VA
Data Scientist,MI
Data Scientist,CA
Data Scientist,MD
Data Scientist,VA
Data Scientist,CA
Data Scientist,NY
Data Scientist,MD
Data Scientist,MD
Data Scientist,CA
Data Scientist,MD
Data Scientist,CA
Data Scientist,VA
Data Scientist,MD
Data Scientist,WA
Data Scientist,CA
Data Scientist,CA
Data Scientist,MD
Data Scientist,NY
Data Scientist,CA
Data Scientist,WA
Data Scientist,CA
Data Scientist,CA
Data Scientist,MD
Data Scientist,OH
Data Scientist,NJ
Data Scientist,GA
Data Scientist,MD
Data Scientist,CA
Data Scientist,MD
Data Scientist,VA
Data Scientist,CA
Data Scientist,MD
Data Scientist,NY
Data Scientist,NY
Data Scientist,CA
Data Scientist,CA
Data Scientist,CA
Data Scientist,IL
Data Scientist,NY
Data Scientist,NY
Data Scientist,NY
Data Scientist,CA
Data Scientist,CA
Data Scientist,NY
Data Scientist,CA
Data Scientist,CA
Data Scientist,CA
Data Scientist,CA
Data Scientist,CA
Data Scientist,CA
Data Scientist,MA
Data Scientist,MA
Data Scientist,WA
Data Scientist,CA
Data Scientist,NY
Data Scientist,CA
Data Scientist,CA
Data Scientist,OR
Data Scientist,NY
Data Scientist,CA
Data Scientist,CA
Data Scientist,NY
Data Scientist,NY
Data Scientist,CA
Data Scientist,NY
Data Scientist,CA
Data Scientist,CA
Data Scientist,CA
Data Scientist,NY
Data Scientist,CA
Data Scientist,CA
Data Scientist,CA
Data Scientist,TX
Data Scientist,CA
Data Scientist,CA
Data Scientist,CA
Data Scientist,CA
Data Scientist,CA
Data Scientist,CA
Data Scientist,CA
Data Scientist,CA
Data Scientist,NY
Data Scientist,CA
Data Scientist,CA
Data Scientist,CA
Data Scientist,CA
Data Scientist,CA
Data Scientist,CA
Data Scientist,CA
Data Scientist,CA
Data Scientist,CA
Data Scientist,CA
Data Scientist,CA
Data Scientist,NY
Data Scientist,IL
Data Scientist,NY
Data Scientist,IL
Data Scientist,CA
Data Scientist,NY
Data Scientist,CA
Data Scientist,CA
Data Scientist,CA
Data Scientist,CA
Data Scientist,CA
Data Scientist,NY
Data Scientist,NY
Data Scientist,VA
Data Scientist,CA
Data Scientist,MA
Data Scientist,NY
Data Scientist,CA
Data Scientist,NJ
Data Scientist,CA
Data Scientist,CA
Data Scientist,WA
Data Scientist,VA
Data Scientist,NY
Data Scientist,NY
Data Scientist,NY
Data Scientist,CA
Data Scientist,CA
Data Scientist,CA
Data Scientist,CA
Data Scientist,CA
Data Scientist,VA
Data Scientist,CA
Data Scientist,CA
Data Scientist,NY
Data Scientist,CA
Data Scientist,NY
Data Scientist,CA
Data Scientist,NY
Data Scientist,NY
Data Scientist,CA
Data Scientist,CA
Data Scientist,OH
Data Scientist,VA
Data Scientist,CA
Data Scientist,CA
Data Scientist,MA
Data Scientist,CA
Data Scientist,WA
Data Scientist,CA
Data Scientist,CA
Data Scientist,CA
Data Scientist,NY
Data Scientist,VA
Data Scientist,CA
Data Scientist,NY
Data Scientist,CA
Data Scientist,CA
Data Scientist,CA
Data Scientist,CA
Data Scientist,CA
Data Scientist,NY
Data Scientist,CA
Data Scientist,NY
Data Scientist,CA
Data Scientist,CA
Data Scientist,VA
Data Scientist,CA
Data Scientist,CA
Data Scientist,CA
Data Scientist,NY
Data Scientist,CA
Data Scientist,CA
Data Scientist,NY
Data Scientist,CA
Data Scientist,VA
Data Scientist,NY
Data Scientist,CA
Data Scientist,CA
Data Scientist,CA
Data Scientist,CA
Data Scientist,PA
Data Scientist,CT
Data Scientist,CA
Data Scientist,CA
Data Scientist,NY
Data Scientist,CA
Data Scientist,NJ
Data Scientist,CA
Data Scientist,PA
Data Scientist,NY
Data Scientist,CA
Data Scientist,NY
Data Scientist,CA
Data Scientist,CA
Data Scientist,NY
Data Scientist,NY
Data Scientist,CO
Data Scientist,CA
Data Scientist,TX
Data Scientist,CA
Data Scientist,CA
Data Scientist,NY
Data Scientist,NY
Data Scientist,CA
Data Scientist,USA
Data Scientist,WA
Data Scientist,NY
Data Scientist,CA
Data Scientist,CA
Data Scientist,NY
Data Scientist,NJ
Data Scientist,MA
Data Scientist,MA
Data Scientist,CA
Data Scientist,CA
Data Scientist,MA
Data Scientist,NY
Data Scientist,MD
Data Scientist,CA
Data Scientist,CA
Data Scientist,WA
Data Scientist,CA
Data Scientist,NY
Data Scientist,MA
Data Scientist,CA
Data Scientist,CO
Data Scientist,CA
Data Scientist,WA
Data Scientist,CA
Data Scientist,CA
Data Scientist,NY
Data Scientist,FL
Data Scientist,WA
Data Scientist,CA
Data Scientist,MI
Data Scientist,CA
Data Scientist,NY
Data Scientist,NY
Data Scientist,NY
Data Scientist,CA
Data Scientist,NY
Data Scientist,CA
Data Scientist,CA
Data Scientist,CA
Data Scientist,NY
Data Scientist,NJ
Data Scientist,TX
Data Scientist,CA
Data Scientist,TX
Data Scientist,CA
Data Scientist,CA
Data Scientist,CA
Data Scientist,CA
Data Scientist,MA
Data Scientist,MA
Data Scientist,CA
Data Scientist,CA
Data Scientist,DC
Data Scientist,NY
Data Scientist,NY
Data Scientist,NY
Data Scientist,NY
Data Scientist,VA
Data Scientist,NY
Data Scientist,MA
Data Scientist,NY
Data Scientist,CA
Data Scientist,MA
Data Scientist,UT
Data Scientist,WA
Data Scientist,NY
Data Scientist,CA
Data Scientist,CA
Data Scientist,DC
Data Scientist,NY
Data Scientist,CA
Data Scientist,NY
Data Scientist,NY
Data Scientist,NY
Data Scientist,NY
Data Scientist,CA
Data Scientist,CA
Data Scientist,CA
Data Scientist,CA
Data Scientist,CA
Data Scientist,NJ
Data Scientist,CA
Data Scientist,CA
Data Scientist,CA
Data Scientist,CA
Data Scientist,NC
Data Scientist,TX
Data Scientist,CA
Data Scientist,CA
Data Analyst,FL
Data Analyst,CA
Data Analyst,NY
Data Analyst,MA
Data Analyst,FL
Data Analyst,TX
Data Analyst,FL
Data Analyst,CA
Data Analyst,CA
Data Analyst,TX
Data Analyst,CA
Data Analyst,CA
Data Analyst,NY
Data Analyst,NY
Data Analyst,UT
Data Analyst,NJ
Data Analyst,TX
Data Analyst,MA
Data Analyst,CA
Data Analyst,GA
Data Analyst,MA
Data Analyst,CA
Data Analyst,CA
Data Analyst,FL
Data Analyst,CA
Data Analyst,FL
Data Analyst,NY
Data Analyst,NY
Data Analyst,CA
Data Analyst,CT
Data Analyst,MA
Data Analyst,AR
Data Analyst,CA
Data Analyst,NJ
Data Analyst,USA
Data Analyst,MA
Data Analyst,TX
Data Analyst,KY
Data Analyst,KY
Data Analyst,MO
Data Analyst,USA
Data Analyst,AZ
Data Analyst,WA
Data Analyst,TX
Data Analyst,CA
Data Analyst,CA
Data Analyst,USA
Data Analyst,TX
Data Analyst,NY
Data Analyst,MN
Data Analyst,CA
Data Analyst,USA
Data Analyst,IN
Data Analyst,USA
Data Analyst,CA
Data Analyst,CA
Data Analyst,TN
Data Analyst,NC
Data Analyst,IL
Data Analyst,ME
Data Analyst,FL
Data Analyst,MI
Data Analyst,CA
Data Analyst,NY
Data Analyst,MD
Data Analyst,MA
Data Analyst,NY
Data Analyst,NY
Data Analyst,FL
Data Analyst,NY
Data Analyst,NY
Data Analyst,GA
Data Analyst,NC
Data Analyst,MD
Data Analyst,MA
Data Analyst,MA
Data Analyst,NY
Data Analyst,KY
Data Analyst,DC
Data Analyst,MO
Data Analyst,NC
Data Analyst,CA
Data Analyst,TX
Data Analyst,GA
Data Analyst,UT
Data Analyst,CA
Data Analyst,CA
Data Analyst,MN
Data Analyst,UT
Data Analyst,NY
Data Analyst,MI
Data Analyst,TX
Data Analyst,NC
Data Analyst,IL
Data Analyst,CA
Data Analyst,GA
Data Analyst,IL
Data Analyst,WA
Data Analyst,TN
Data Analyst,NY
Data Analyst,TX
Data Analyst,NC
Data Analyst,CA
Data Analyst,GA
Data Analyst,UT
Data Analyst,CA
Data Analyst,NY
Data Analyst,WA
Data Analyst,NY
Data Analyst,MA
Data Analyst,OH
Data Analyst,CO
Data Analyst,MI
Data Analyst,CA
Data Analyst,CA
Data Analyst,CA
Data Analyst,GA
Data Analyst,TX
Data Analyst,GA
Data Analyst,NY
Data Analyst,CA
Data Analyst,CA
Data Analyst,AZ
Data Analyst,AR
Data Analyst,CA
Data Analyst,FL
Data Analyst,NY
Data Analyst,MD
Data Analyst,MA
Data Analyst,NJ
Data Analyst,OR
Data Analyst,IL
Data Analyst,CA
Data Analyst,NY
Data Analyst,NY
Data Analyst,NY
Data Analyst,NY
Data Analyst,NY
Data Analyst,NY
Data Analyst,NY
Data Analyst,TN
Data Analyst,MN
Data Analyst,MN
Data Analyst,WA
Data Analyst,PA
Data Analyst,NY
Data Analyst,MI
Data Analyst,CO
Data Analyst,DC
Data Analyst,MD
Data Analyst,WI
Data Analyst,NY
Data Analyst,MD
Data Analyst,VA
Data Analyst,PA
Data Analyst,NY
Data Analyst,NY
Data Analyst,TN
Data Analyst,LA
Data Analyst,NY
Data Analyst,MD
Data Analyst,GA
Data Analyst,TX
Data Analyst,MD
Data Analyst,CA
Data Analyst,OR
Data Analyst,MA
Data Analyst,NV
Data Analyst,VT
Data Analyst,MI
Data Analyst,VT
Data Analyst,SC
Data Analyst,OR
Data Analyst,TX
Data Analyst,TX
Data Analyst,MN
Data Analyst,CA
Data Analyst,MA
Data Analyst,TX
Data Analyst,CA
Data Analyst,DC
Data Analyst,MO
Data Analyst,DC
Data Analyst,WI
Data Analyst,CA
Data Analyst,IL
Data Analyst,NV
Data Analyst,DC
Data Analyst,TX
Data Analyst,VA
Data Analyst,MD
Data Analyst,MD
Data Analyst,RI
Data Analyst,CT
Data Analyst,CT
Data Analyst,TX
Data Analyst,PA
Data Analyst,CA
Data Analyst,MA
Data Analyst,OH
Data Analyst,CA
Data Analyst,NY
Data Analyst,MO
Data Analyst,MA
Data Analyst,PA
Data Analyst,CA
Data Analyst,MN
Data Analyst,CA
Data Analyst,MI
Data Analyst,MO
Data Analyst,TX
Data Analyst,MN
Data Analyst,CA
Data Analyst,MA
Data Analyst,MN
Data Analyst,DC
Data Analyst,MD
Data Analyst,CA
Data Analyst,TX
Data Analyst,CA
Data Analyst,MA
Data Analyst,TN
Data Analyst,OH
Data Analyst,GA
Data Analyst,MO
Data Analyst,MO
Data Analyst,CA
Data Analyst,WA
Data Analyst,NV
Data Analyst,CA
Data Analyst,CA
Data Analyst,WA
Data Analyst,TX
Data Analyst,MN
Data Analyst,MN
Data Analyst,CT
Data Analyst,NY
Data Analyst,WA
Data Analyst,KS
Data Analyst,PA
Data Analyst,NY
Data Analyst,NY
Data Analyst,PA
Data Analyst,OH
Data Analyst,CO
Data Analyst,PA
Data Analyst,MD
Data Analyst,TX
Data Analyst,CO
Data Analyst,
Data Analyst,MA
Data Analyst,TX
Data Analyst,PA
Data Analyst,PA
Data Analyst,OR
Data Analyst,NV
Data Analyst,OH
Data Analyst,TX
Data Analyst,TX
Data Analyst,GA
Data Analyst,NJ
Data Analyst,MO
Data Analyst,TX
Data Analyst,NJ
Data Analyst,GA
Data Analyst,CA
Data Analyst,TX
Data Analyst,MA
Data Analyst,USA
Data Analyst,NV
Data Analyst,NC
Data Analyst,WA
Data Analyst,VA
Data Analyst,AZ
Data Analyst,PA
Data Analyst,CA
Data Analyst,CA
Data Analyst,MD
Data Analyst,CA
Data Analyst,NJ
Data Analyst,NY
Data Analyst,TX
Data Analyst,CA
Data Analyst,NY
Data Analyst,CA
Data Analyst,
Data Analyst,CT
Data Analyst,TX
Data Analyst,FL
Data Analyst,CA
Data Analyst,GA
Data Analyst,CO
Data Analyst,OH
Data Analyst,MD
Data Analyst,IL
Data Analyst,NY
Data Analyst,MA
Data Analyst,NC
Data Analyst,PA
Data Analyst,MD
Data Analyst,TX
Data Analyst,CA
Data Analyst,TX
Data Analyst,KY
Data Analyst,USA
Data Analyst,HI
Data Analyst,TN
Data Analyst,CA
Data Analyst,MN
Data Analyst,OH
Data Analyst,MN
Data Analyst,NY
Data Analyst,CA
Data Analyst,CA
Data Analyst,TN
Data Analyst,TX
Data Analyst,PA
Data Analyst,VA
Data Analyst,GA
Data Analyst,NY
Data Analyst,MO
Data Analyst,FL
Data Analyst,NY
Data Analyst,MA
Data Analyst,NY
Data Analyst,MA
Data Analyst,MA
Data Analyst,NC
Data Analyst,CA
Data Analyst,MA
Data Analyst,GA
Data Analyst,CA
Data Analyst,WI
Data Analyst,OH
Data Analyst,TX
Data Analyst,MI
Data Analyst,MA
Data Analyst,NY
Data Analyst,CO
Data Analyst,TX
Data Analyst,TX
Data Analyst,IL
Data Analyst,PA
Data Analyst,MD
Data Analyst,NY
Data Analyst,NY
Data Analyst,GA
Data Analyst,DC
Data Analyst,NY
Data Analyst,MO
Data Analyst,MI
Data Analyst,PA
Data Analyst,MA
Data Analyst,VA
Data Analyst,CA
Data Analyst,WI
Data Analyst,OH
Data Analyst,TN
Data Analyst,DC
Data Analyst,MA
Data Analyst,IL
Data Analyst,IA
Data Analyst,WA
Data Analyst,CA
Data Analyst,NY
Data Analyst,CA
Data Analyst,WA
Data Analyst,PA
Data Analyst,NV
Data Analyst,NJ
Data Analyst,AR
Data Analyst,CA
Data Analyst,MA
Data Analyst,CA
Data Analyst,NY
Data Analyst,IL
Data Analyst,AR
Data Analyst,IN
Data Analyst,WA
Data Analyst,WA
Data Analyst,FL
Data Analyst,VA
Data Analyst,OH
Data Analyst,CA
Data Analyst,DC
Data Analyst,SC
Data Analyst,CA
Data Analyst,MD
Data Analyst,TX
Data Analyst,UT
Data Analyst,NJ
Data Analyst,NJ
Data Analyst,CA
Data Analyst,DC
Data Analyst,CO
Data Analyst,IL
Data Analyst,MD
Data Analyst,UT
Data Analyst,TX
Data Analyst,MD
Data Analyst,WA
Data Analyst,IL
Data Analyst,TX
Data Analyst,OH
Data Analyst,OH
Data Analyst,MO
Data Analyst,MI
Data Analyst,CA
Data Analyst,NY
Data Analyst,NY
Data Analyst,MA
Data Analyst,TX
Data Analyst,MO
Data Analyst,PA
Data Analyst,NM
Data Analyst,PA
Data Analyst,NJ
Data Analyst,MD
Data Analyst,MA
Data Analyst,PA
Data Analyst,NJ
Data Analyst,MI
Data Analyst,NC
Data Analyst,NY
Data Analyst,TX
Data Analyst,ME
Data Analyst,IL
Data Analyst,TX
Data Analyst,IL
Data Analyst,OR
Data Analyst,FL
Data Analyst,MA
Data Analyst,MO
Data Analyst,PA
Data Analyst,OH
Data Analyst,IL
Data Analyst,VA
Data Analyst,MD
Data Analyst,CA
Data Analyst,VA
Data Analyst,IL
Data Analyst,OR
Data Analyst,IL
Data Analyst,AZ
Data Analyst,MD
Data Analyst,MN
Data Analyst,TX
Data Analyst,PA
Data Analyst,MA
Data Analyst,AR
Data Analyst,VA
Data Analyst,PA
Data Analyst,VA
Data Analyst,TN
Data Analyst,CA
Data Analyst,NJ
Data Analyst,FL
Data Analyst,CA
Data Analyst,CO
Data Analyst,VA
Data Analyst,TN
Data Analyst,IA
Data Analyst,MA
Data Analyst,MA
Data Analyst,GA
Data Analyst,WA
Data Analyst,CA
Data Analyst,OH
Data Analyst,USA
Data Analyst,VA
Data Analyst,GA
Data Analyst,GA
Data Analyst,IA
Data Analyst,WA
Data Analyst,KY
Data Analyst,ME
Data Analyst,NY
Data Analyst,OH
Data Analyst,MD
Data Analyst,VA
Data Analyst,AR
Data Analyst,FL
Data Analyst,NC
Data Analyst,NJ
Data Analyst,PA
Data Analyst,TN
Data Analyst,NY
Data Analyst,OR
Data Analyst,NM
Data Analyst,ME
Data Analyst,NJ
Data Analyst,NY
Data Analyst,AZ
Data Analyst,MD
Data Analyst,CT
Data Analyst,PA
Data Analyst,IN
Data Analyst,SC
Data Analyst,VA
Data Analyst,UT
Data Analyst,NC
Data Analyst,CT
Data Analyst,TX
Data Analyst,AZ
Data Analyst,IN
Data Analyst,NJ
Data Analyst,NY
Data Analyst,VA
Data Analyst,NY
Data Analyst,MD
Data Analyst,GA
Data Analyst,FL
Data Analyst,OK
Data Analyst,AL
Data Analyst,FL
Data Analyst,MA
Data Analyst,NE
Data Analyst,FL
Data Analyst,IL
Data Analyst,MI
Data Analyst,MO
Data Analyst,ME
Data Analyst,TN
Data Analyst,NY
Data Analyst,OR
Data Analyst,MA
Data Analyst,IL
Data Analyst,UT
Data Analyst,DC
Data Analyst,GA
Data Analyst,NJ
Data Analyst,VA
Data Analyst,DC
Data Analyst,WA
Data Analyst,IL
Data Analyst,TX
Data Analyst,MD
Data Analyst,CA
Data Analyst,CA
Data Analyst,TX
Data Analyst,NY
Data Analyst,IN
Data Analyst,NY
Data Analyst,IN
Data Analyst,CT
Data Analyst,GA
Data Analyst,IN
Data Analyst,CA
Data Analyst,MO
Data Analyst,MA
Data Analyst,PA
Data Analyst,FL
Data Analyst,WA
Data Analyst,NY
Data Analyst,PA
Data Analyst,PA
Data Analyst,MA
Data Analyst,MA
Data Analyst,TX
Data Analyst,UT
Data Analyst,DC
Data Analyst,NY
Data Analyst,NC
Data Analyst,CA
Data Analyst,VA
Data Analyst,MA
Data Analyst,TX
Data Analyst,TX
Data Analyst,FL
Data Analyst,CA
Data Analyst,CA
Data Analyst,MI
Data Analyst,OR
Data Analyst,GA
Data Analyst,IL
Data Analyst,VA
Data Analyst,FL
Data Analyst,DC
Data Analyst,NY
Data Analyst,TX
Data Analyst,TX
Data Analyst,TX
Data Analyst,TX
Data Analyst,NV
Data Analyst,MN
Data Analyst,CT
Data Analyst,IL
Data Analyst,TX
Data Analyst,CT
Data Analyst,MI
Data Analyst,NY
Data Analyst,FL
Data Analyst,PA
Data Analyst,CT
Data Analyst,CT
Data Analyst,OR
Data Analyst,MN
Data Analyst,CT
Data Analyst,UT
Data Analyst,MI
Data Analyst,IL
Data Analyst,OH
Data Analyst,CA
Data Analyst,NY
Data Analyst,NC
Data Analyst,IA
Data Analyst,TX
Data Analyst,WA
Data Analyst,CA
Data Analyst,VA
Data Analyst,IL
Data Analyst,OH
Data Analyst,VA
Data Analyst,VA
Data Analyst,MA
Data Analyst,WI
Data Analyst,VA
Data Analyst,MN
Data Analyst,DC
Data Analyst,OR
Data Analyst,IL
Data Analyst,MD
Data Analyst,PA
Data Analyst,IN
Data Analyst,CT
Data Analyst,NY
Data Analyst,FL
Data Analyst,CA
Data Analyst,TX
Data Analyst,TX
Data Analyst,NC
Data Analyst,MD
Data Analyst,CA
Data Analyst,NY
Data Analyst,CA
Data Analyst,NY
Data Analyst,MI
Data Analyst,NJ
Data Analyst,GA
Data Analyst,OH
Data Analyst,CA
Data Analyst,SC
Data Analyst,OR
Data Analyst,CA
Data Analyst,GA
Data Analyst,MN
Data Analyst,CO
Data Analyst,IL
Data Analyst,MN
Data Analyst,TX
Data Analyst,VA
Data Analyst,GA
Data Analyst,MI
Data Analyst,NC
Data Analyst,GA
Data Analyst,VA
Data Analyst,NJ
Data Analyst,AL
Data Analyst,OR
Data Analyst,PA
Data Analyst,IL
Data Analyst,PA
Data Analyst,VA
Data Analyst,VA
Data Analyst,NY
Data Analyst,NY
Data Analyst,MA
Data Analyst,TX
Data Analyst,GA
Data Analyst,MA
Data Analyst,GA
Data Analyst,WA
Data Analyst,GA
Data Analyst,GA
Data Analyst,CT
Data Analyst,FL
Data Analyst,MI
Data Analyst,OH
Data Analyst,OR
Data Analyst,PA
Data Analyst,OH
Data Analyst,IL
Data Analyst,MO
Data Analyst,MN
Data Analyst,AZ
Data Analyst,NY
Data Analyst,WA
Data Analyst,GA
Data Analyst,CA
Data Analyst,TX
Data Analyst,CA
Data Analyst,OR
Data Analyst,VA
Data Analyst,NJ
Data Analyst,PA
Data Analyst,DC
Data Analyst,VA
Data Analyst,VA
Data Analyst,IN
Data Analyst,MD
Data Analyst,MO
Data Analyst,VA
Data Analyst,NY
Data Analyst,DC
Data Analyst,CA
Data Analyst,PA
Data Analyst,NY
Data Analyst,NY
Data Analyst,NY
Data Analyst,CA
Data Analyst,TX
Data Analyst,MA
Data Analyst,TX
Data Analyst,DC
Data Analyst,SC
Data Analyst,MA
Data Analyst,MO
Data Analyst,CO
Data Analyst,CA
Data Analyst,NY
Data Analyst,PA
Data Analyst,CA
Data Analyst,CA
Data Analyst,MD
Data Analyst,CO
Data Analyst,WA
Data Analyst,FL
Data Analyst,CA
Data Analyst,CA
Data Analyst,CA
Data Analyst,CA
Data Analyst,CA
Data Analyst,NJ
Data Analyst,FL
Data Analyst,USA
Data Analyst,CA
Data Analyst,CA
Data Analyst,CA
Data Analyst,PA
Data Analyst,NY
Data Analyst,NY
Data Analyst,CA
Data Analyst,MO
Data Analyst,CA
Data Analyst,CA
Data Analyst,MA
Data Analyst,MI
Data Analyst,CA
Data Analyst,CA
Data Analyst,CA
Data Analyst,CA
Data Analyst,NY
Data Analyst,CO
Data Analyst,CA
Data Analyst,CA
Data Analyst,VA
Data Analyst,CA
Data Analyst,IA
Data Analyst,MO
Data Analyst,IN
Data Analyst,IA
Data Analyst,CA
Data Analyst,CA
Data Analyst,MD
Data Analyst,CA
Data Analyst,IL
Data Analyst,MO
Data Analyst,WV
Data Analyst,CA
Data Analyst,MD
Data Analyst,NY
Data Analyst,IL
Data Analyst,CA
Data Analyst,CA
Data Analyst,MI
Data Analyst,TX
Data Analyst,REMOTE
Data Analyst,IL
Data Analyst,REMOTE
Data Analyst,NY
Data Analyst,NY
Data Analyst,NY
Data Analyst,CA
Data Analyst,CA
Data Analyst,NY
Data Analyst,CA
Data Analyst,MO
Data Analyst,DC
Data Analyst,OR
Data Analyst,CA
Data Analyst,MO
Data Analyst,CA
Data Analyst,IN
Data Analyst,NY
Data Analyst,MD
Data Analyst,MO
Data Analyst,IL
Data Analyst,CA
Data Analyst,CA
Data Analyst,CA
Data Analyst,CA
Data Analyst,NY
Data Analyst,MO
Data Analyst,NY
Data Analyst,NC
Data Analyst,NY
Data Analyst,CA
Data Analyst,DC
Data Analyst,WA
Data Analyst,NY
Data Analyst,CA
Data Analyst,GA
Data Analyst,NY
Data Analyst,CA
Data Analyst,NY
Data Analyst,NY
Data Analyst,CA
Data Analyst,MD
Data Analyst,WA
Data Analyst,CA
Data Analyst,MN
Data Analyst,MA
Data Analyst,WA
Data Analyst,OH
Data Analyst,OH
Data Analyst,KY
Data Analyst,CA
Data Analyst,NY
Data Analyst,VA
Data Analyst,CA
Data Analyst,REMOTE
Data Analyst,IA
Data Analyst,CA
Data Analyst,IL
Data Analyst,IN
Data Analyst,NC
Data Analyst,NC
Data Analyst,MD
Data Analyst,CA
Data Analyst,MO
Data Analyst,FL
Data Analyst,FL
Data Analyst,MO
Data Analyst,MI
Data Analyst,WA
Data Analyst,DC
Data Analyst,DE
Data Analyst,DE
Data Analyst,WA
Data Analyst,WA
Data Analyst,IN
Data Analyst,IL
Data Analyst,TX
Data Analyst,USA
Data Analyst,VA
Data Analyst,CA
Data Analyst,CA
Data Analyst,PA
Data Analyst,CA
Data Analyst,NC
Data Analyst,CA
Data Analyst,NJ
Data Analyst,TX
Data Analyst,TX
Data Analyst,NC
Data Analyst,NY
Data Analyst,CA
Data Analyst,DC
Data Analyst,MI
Data Analyst,CA
Data Analyst,CA
Data Analyst,MI
Data Analyst,IL
Data Analyst,MA
Data Analyst,CA
Data Analyst,CA
Data Analyst,TX
Data Analyst,TX
Data Analyst,TX
Data Analyst,CA
Data Analyst,HI
Data Analyst,USA
Data Analyst,DC
Data Analyst,CA
Data Analyst,NC
Data Analyst,NY
Data Analyst,NY
Data Analyst,MI
Data Analyst,CA
Data Analyst,CA
Data Analyst,NY
Data Analyst,NY
Data Analyst,NY
Data Analyst,CA
Data Analyst,WA
Data Analyst,CA
Data Analyst,AZ
Data Analyst,CA
Data Analyst,FL
Data Analyst,CO
Data Analyst,OR
Data Analyst,CA
Data Analyst,NY
Data Analyst,DC
Data Analyst,DC
Data Analyst,CA
Data Analyst,CA
Data Analyst,USA
Data Analyst,CA
Data Analyst,CT
Data Analyst,VA
Data Analyst,CA
Data Analyst,NY
Data Analyst,WA
Data Analyst,USA
Data Analyst,CA
Data Analyst,IL
Data Analyst,TX
Data Analyst,CA
Data Analyst,NC
Data Analyst,NC
Data Analyst,NC
Data Analyst,CA
Data Analyst,WA
Data Analyst,CA
Data Analyst,OH
Data Analyst,TX
Data Analyst,IL
Data Analyst,CA
Data Analyst,NC
Data Analyst,WI
Data Analyst,AR
Data Analyst,NY
Data Analyst,MA
Data Analyst,TN
Data Analyst,MN
Data Analyst,GA
Data Analyst,MA
Data Analyst,MA
Data Analyst,CA
Data Analyst,NJ
Data Analyst,MN
Data Analyst,CA
Data Analyst,WI
Data Analyst,NC
Data Analyst,NJ
Data Analyst,NJ
Data Analyst,MA
Data Analyst,NY
Data Analyst,TX
Data Analyst,UT
Data Analyst,NY
Data Analyst,NC
Data Analyst,NC
Data Analyst,NC
Data Analyst,DE
Data Analyst,CA
Data Analyst,UT
Data Analyst,IL
Data Analyst,MN
Data Analyst,MI
Data Analyst,NY
Data Analyst,CA
Data Analyst,GA
Data Analyst,CA
Data Analyst,USA
Data Analyst,OH
Data Analyst,GA
Data Analyst,CT
Data Analyst,IL
Data Analyst,TX
Data Analyst,CA
Data Analyst,IL
Data Analyst,IL
Data Analyst,ME
Data Analyst,FL
Data Analyst,AZ
Data Analyst,MO
Data Analyst,CA
Data Analyst,CA
Data Analyst,CA
Data Analyst,MA
Data Analyst,TX
Data Analyst,CA
Data Analyst,GA
Data Analyst,CA
Data Analyst,CA
Data Analyst,SC
Data Analyst,FL
Data Analyst,MA
Data Analyst,MA
Data Analyst,CA
Data Analyst,WA
Data Analyst,DC
Data Analyst,CA
Data Analyst,CA
Data Analyst,CA
Data Analyst,TX
Data Analyst,NC
Data Analyst,PA
Data Analyst,GA
Data Analyst,CA
Data Analyst,GA
Data Analyst,NJ
Data Analyst,MA
Data Analyst,DC
Data Analyst,CA
Data Analyst,WA
Data Analyst,MI
Data Analyst,CA
Data Analyst,CA
Data Analyst,MD
Data Analyst,IL
Data Analyst,SD
Data Analyst,WA
Data Analyst,NY
Data Analyst,WA
Data Analyst,WA
Data Analyst,CO
Data Analyst,NY
Data Analyst,CA
Data Analyst,NY
Data Analyst,TX
Data Analyst,CA
Data Analyst,VA
Data Analyst,CA
Data Analyst,PA
Data Analyst,GA
Data Analyst,GA
Data Analyst,WA
Data Analyst,MA
Data Analyst,MA
Data Analyst,IL
Data Analyst,MD
Data Analyst,CA
Data Analyst,WY
Data Analyst,TX
Data Analyst,NY
Data Analyst,VA
Data Analyst,CA
Data Analyst,IN
Data Analyst,IN
Data Analyst,MA
Data Analyst,MI
Data Analyst,CA
Data Analyst,CA
Data Analyst,MA
Data Analyst,MA
Data Analyst,DC
Data Analyst,CA
Data Analyst,OH
Data Analyst,NC
Data Analyst,NC
Data Analyst,MI
Data Analyst,TX
Data Analyst,MD
Data Analyst,WA
Data Analyst,CA
Data Analyst,CA
Data Analyst,FL
Data Analyst,GA
Data Analyst,GA
Data Analyst,VA
Data Analyst,VA
Data Analyst,VA
Data Analyst,CA
Data Analyst,VA
Data Analyst,VA
Data Analyst,TN
Data Analyst,NJ
Data Analyst,NC
Data Analyst,USA
Data Analyst,CA
Data Analyst,CA
Data Analyst,MA
Data Analyst,TX
Data Analyst,NJ
Data Analyst,IA
Data Analyst,NC
Data Analyst,VA
Data Analyst,GA
Data Analyst,TX
Data Analyst,AZ
Data Analyst,TX
Data Analyst,TX
Data Analyst,VA
Data Analyst,IL
Data Analyst,CA
Data Analyst,WA
Data Analyst,IL
Data Analyst,FL
Data Analyst,CT
Data Analyst,FL
Data Analyst,CA
Data Analyst,CA
Data Analyst,MO
Data Analyst,CA
Data Analyst,IL
Data Analyst,WA
Data Analyst,CA
Data Analyst,CA
Data Analyst,MN
Data Analyst,NC
Data Analyst,NC
Data Analyst,CA
Data Analyst,CA
Data Analyst,TX
Data Analyst,CA
Data Analyst,MN
Data Analyst,CA
Data Analyst,CA
Data Analyst,OH
Data Analyst,CA
Data Analyst,TX
Data Analyst,MD
Data Analyst,CA
Data Analyst,CA
Data Analyst,SC
Data Analyst,UT
Data Analyst,CA
Data Analyst,GA
Data Analyst,DC
Data Analyst,CO
Data Analyst,MD
Data Analyst,NY
Data Analyst,CA
Data Analyst,GA
Data Analyst,TX
Data Analyst,FL
Data Analyst,NC
Data Analyst,CA
Data Analyst,TX
Data Analyst,MI
Data Analyst,DC
Data Analyst,MA
Data Analyst,TX
Data Analyst,CA
Data Analyst,CT
Data Analyst,NY
Data Analyst,ID
Data Analyst,OH
Data Analyst,NY
Data Analyst,CA
Data Analyst,DC
Data Analyst,CA
Data Analyst,CA
Data Analyst,UT
Data Analyst,NY
Data Analyst,PA
Data Analyst,PA
Data Analyst,CA
Data Analyst,MI
Data Analyst,MI
Data Analyst,WA
Data Analyst,CA
Data Analyst,MN
Data Analyst,WA
Data Analyst,IL
Data Analyst,CA
Data Analyst,CA
Data Analyst,CA
Data Analyst,NJ
Data Analyst,NJ
Data Analyst,MI
Data Analyst,MO
Data Analyst,AZ
Data Analyst,VA
Data Analyst,VA
Data Analyst,MO
Data Analyst,CA
Data Analyst,SC
Data Analyst,IA
Data Analyst,CA
Data Analyst,GA
Data Analyst,NY
Data Analyst,WA
Data Analyst,PA
Data Analyst,CA
Data Analyst,MI
Data Analyst,VA
Data Analyst,DC
Data Analyst,USA
Data Analyst,CA
Data Analyst,CA
Data Analyst,AL
Data Analyst,NC
Data Analyst,NY
Data Analyst,PA
Data Analyst,WA
Data Analyst,IL
Data Analyst,MA
Data Analyst,NJ
Data Analyst,CO
Data Analyst,TN
Data Analyst,VA
Data Analyst,VA
Data Analyst,VA
Data Analyst,NH
Data Analyst,MA
Data Analyst,CO
Data Analyst,CT
Data Analyst,GA
Data Analyst,CA
Data Analyst,CO
Data Analyst,MD
Data Analyst,DC
Data Analyst,WA
Data Analyst,NJ
Data Analyst,NY
Data Analyst,MI
Data Analyst,IL
Data Analyst,PA
Data Analyst,CA
Data Analyst,DC
Data Analyst,OR
Data Analyst,VA
Data Analyst,CA
Data Analyst,TX
Data Analyst,IL
Data Analyst,VA
Data Analyst,CA
Data Analyst,UT
Data Analyst,TN
Data Analyst,WA
Data Analyst,PA
Data Analyst,AL
Data Analyst,PA
Data Analyst,NY
Data Analyst,CA
Data Analyst,MI
Data Analyst,NY
Data Analyst,IL
Data Analyst,GA
Data Analyst,TX
Data Analyst,DC
Data Analyst,AL
Data Analyst,WA
Data Analyst,NY
Data Analyst,NY
Data Analyst,CA
Data Analyst,DE
Data Analyst,CA
Data Analyst,NH
Data Analyst,NJ
Data Analyst,NY
Data Analyst,TX
Data Analyst,CO
Data Analyst,CA
Data Analyst,NY
Data Analyst,MI
Data Analyst,FL
Data Analyst,MD
Data Analyst,WA
Data Analyst,CA
Data Analyst,TX
Data Analyst,PA
Data Analyst,VA
Data Analyst,DC
Data Analyst,CA
Data Analyst,GA
Data Analyst,MA
Data Analyst,AR
Data Analyst,NJ
Data Analyst,OR
Data Analyst,NJ
Data Analyst,CA
Data Analyst,NY
Data Analyst,VA
Data Analyst,MD
Data Analyst,TX
Data Analyst,OH
Data Analyst,TX
Data Analyst,NJ
Data Analyst,CA
Data Analyst,TX
Data Analyst,TX
Data Analyst,VA
Data Analyst,MI
Data Analyst,MI
Data Analyst,VA
Data Analyst,TX
Data Analyst,IL
Data Analyst,WI
Data Analyst,MA
Data Analyst,SC
Data Analyst,SC
Data Analyst,VA
Data Analyst,TX
Data Analyst,UT
Data Analyst,TX
Data Analyst,WA
Data Analyst,TX
Data Analyst,VA
Data Analyst,VA
Data Analyst,MO
Data Analyst,TN
Data Analyst,TN
Data Analyst,GA
Data Analyst,VA
Data Analyst,AZ
Data Analyst,CA
Data Analyst,VA
Data Analyst,CA
Data Analyst,IN
Data Analyst,IN
Data Analyst,UT
Data Analyst,GA
Data Analyst,NY
Data Analyst,REMOTE
Data Analyst,MI
Data Analyst,NY
Data Analyst,CO
Data Analyst,CA
Data Analyst,CA
Data Analyst,NY
Data Analyst,CA
Data Analyst,CA
Data Analyst,TX
Data Analyst,OH
Data Analyst,NY
Data Analyst,WA
Data Analyst,CA
Data Analyst,NC
Data Analyst,NY
Data Analyst,CA
Data Analyst,MD
Data Analyst,NY
Data Analyst,NY
Data Analyst,CA
Data Analyst,WA
Data Analyst,NY
Data Analyst,CA
Data Analyst,USA
Data Analyst,CA
Data Analyst,NY
Data Analyst,NJ
Data Analyst,VA
Data Analyst,NY
Data Analyst,CA
Data Analyst,CA
Data Analyst,MA
Data Analyst,MD
Data Analyst,NY
Data Analyst,NY
Data Analyst,CA
Data Analyst,CA
Data Analyst,CT
Data Analyst,CA
Data Analyst,CA
Data Analyst,FL
Data Analyst,WA
Data Analyst,NY
Data Analyst,IL
Data Analyst,NY
Data Analyst,CA
Data Analyst,CA
Data Analyst,WA
Data Analyst,NY
Data Analyst,NJ
Data Analyst,CA
Data Analyst,NY
Data Analyst,NY
Data Analyst,NY
Data Analyst,VA
Data Analyst,IL
Data Analyst,OR
Data Analyst,OR
Data Analyst,CA
Data Analyst,AL
Data Analyst,CA
Data Analyst,NY
Data Analyst,TX
Data Analyst,CA
Data Analyst,MA
Data Analyst,MA
Data Analyst,CA
Data Analyst,NY
Data Analyst,WI
Data Analyst,NJ
Data Analyst,CA
Data Analyst,CA
Data Analyst,RI
Data Analyst,NJ
Data Analyst,NY
Data Analyst,NY
Data Analyst,CA
Data Analyst,CA
Data Analyst,MA
Data Analyst,IL
Data Analyst,NY
Data Analyst,MA
Data Analyst,NY
Data Analyst,MA
Data Analyst,CA
Data Analyst,NC
Data Analyst,CA
Data Analyst,CA
Data Analyst,MD
Data Analyst,CA
Data Analyst,AZ
Data Analyst,CA
Data Analyst,MA
Data Analyst,NY
Data Analyst,NY
Data Analyst,NY
Data Analyst,CA
Data Analyst,CA
Data Analyst,MO
Data Analyst,CA
Data Analyst,CA
Data Analyst,USA
Data Analyst,NJ
Data Analyst,PA
Data Analyst,AZ
Data Analyst,NY
Data Analyst,NY
Data Analyst,NC
Data Analyst,MA
Data Analyst,CA
Data Analyst,VA
Data Analyst,CA
Data Analyst,CA
Data Analyst,NC
Data Analyst,MA
Data Analyst,WI
Data Analyst,CA
Data Analyst,MA
Data Analyst,CA
Data Analyst,WA
Data Analyst,NY
Data Analyst,PA
Data Analyst,CA
Data Analyst,CO
Data Analyst,CA
Data Analyst,PA
Data Analyst,DC
Data Analyst,NY
Data Analyst,CA
Data Analyst,NY
Data Analyst,CA
Data Analyst,IA
Data Analyst,CA
Data Analyst,DC
Data Analyst,OR
Data Analyst,NY
Data Analyst,NY
Data Analyst,NY
Data Analyst,DC
Data Analyst,PA
Data Analyst,NY
Data Analyst,PA
Data Analyst,NC
Data Analyst,NJ
Data Analyst,DC
Data Analyst,NY
Data Analyst,NY
Data Analyst,NY
Data Analyst,MO
Data Analyst,NY
Data Analyst,IL
Data Analyst,MO
Data Analyst,CA
Data Analyst,IL
Data Analyst,CA
Data Analyst,CA
Data Analyst,WA
Data Analyst,NY
Data Analyst,CA
Data Analyst,CA
Data Analyst,IL
Data Analyst,CA
Data Analyst,DC
Data Analyst,IL
Data Analyst,DC
Data Analyst,CA
Data Analyst,CA
Data Analyst,MD
Data Analyst,CA
Data Analyst,NY
Data Analyst,VA
Data Analyst,NY
Data Analyst,DE
Data Analyst,TX
Data Analyst,MO
Data Analyst,CA
Data Analyst,MD
Data Analyst,TX
Data Analyst,NJ
Data Analyst,GA
Data Analyst,NJ
Data Analyst,NY
Data Analyst,NY
Data Analyst,VA
Data Analyst,NY
Data Analyst,NY
Data Analyst,NJ
Data Analyst,GA
Data Analyst,NY
Data Analyst,TX
Data Analyst,TX
Data Analyst,CA
Data Analyst,TX
Data Analyst,VA
Data Analyst,MI
Data Analyst,MA
Data Analyst,NY
Data Analyst,NJ
Data Analyst,PA
Data Analyst,TX
Data Analyst,CA
Data Analyst,NY
Data Analyst,USA
Data Analyst,CT
Data Analyst,NY
Data Analyst,OK
Data Analyst,CA
Data Analyst,TX
Data Analyst,OR
Data Analyst,CO
Data Analyst,IL
Data Analyst,VA
Data Analyst,NY
Data Analyst,MD
Data Analyst,CA
Data Analyst,USA
Data Analyst,NY
Data Analyst,NJ
Data Analyst,SC
Data Analyst,TX
Data Analyst,VA
Data Analyst,PA
Data Analyst,CA
Data Analyst,CA
Data Analyst,VA
Data Analyst,MD
Data Analyst,SC
Data Analyst,SC
Data Analyst,SC
Data Analyst,SC
Data Analyst,OR
Data Analyst,CA
Data Analyst,CA
Data Analyst,DC
Data Analyst,VA
Data Analyst,NY
Data Analyst,CA
Data Analyst,CA
Data Analyst,CA
Data Analyst,MD
Data Analyst,CA
Data Analyst,FL
Data Analyst,CA
Data Analyst,NY
Data Analyst,VA
Data Analyst,VA
Data Analyst,TN
Data Analyst,DC
Data Analyst,PA
Data Analyst,MA
Data Analyst,NY
Data Analyst,CA
Data Analyst,OH
Data Analyst,VA
Data Analyst,CA
Data Analyst,MD
Data Analyst,DC
Data Analyst,CA
Data Analyst,NY
Data Analyst,NY
Data Analyst,NY
Data Analyst,IL
Data Analyst,NJ
Data Analyst,TX
Data Analyst,IL
Data Analyst,GA
Data Analyst,FL
Data Analyst,CT
Data Analyst,VA
Data Analyst,NY
Data Analyst,IL
Data Analyst,MD
Data Analyst,CA
Data Analyst,CA
Data Analyst,NY
Data Analyst,WV
Data Analyst,TX
Data Analyst,NY
Data Analyst,VA
Data Analyst,CA
Data Analyst,TX
Data Analyst,CA
Data Analyst,MN
Data Analyst,CA
Data Analyst,CA
Data Analyst,TX
Data Analyst,CA
Data Analyst,NY
Data Analyst,CA
Data Analyst,NY
Data Analyst,CA
Data Analyst,CA
Data Analyst,GA
Data Analyst,CA
Data Analyst,CA
Data Analyst,DC
Data Analyst,CA
Data Analyst,WI
Data Analyst,NY
Data Analyst,CA
Data Analyst,CO
Data Analyst,CA
Data Analyst,MA
Data Analyst,NY
Data Analyst,NY
Data Analyst,NY
Data Analyst,CA
Data Analyst,CA
Data Analyst,CA
Data Analyst,NY
Data Analyst,NJ
Data Analyst,NY
Data Analyst,VA
Data Analyst,CA
Data Analyst,NY
Data Analyst,CT
Data Analyst,CT
Data Analyst,NY
Data Analyst,CA
Data Analyst,VA
Data Analyst,VA
Data Analyst,PA
Data Analyst,CA
Data Analyst,NJ
Data Analyst,NY
Data Analyst,CA
Data Analyst,CA
Data Analyst,NY
Data Analyst,DC
Data Analyst,USA
Data Analyst,VA
Data Analyst,TX
Data Analyst,CA
Data Analyst,FL
Data Analyst,NY
Data Analyst,GA
Data Analyst,NJ
Data Analyst,CA
Data Analyst,CA
Data Analyst,CA
Data Analyst,CT
Data Analyst,CA
Data Analyst,MD
Data Analyst,IL
Data Analyst,CA
Data Analyst,MD
Data Analyst,NY
Data Analyst,FL
Data Analyst,NY
Data Analyst,GA
Data Analyst,CO
Data Analyst,MO
Data Analyst,IN
Data Analyst,NY
Data Analyst,NY
Data Analyst,CA
Data Analyst,VA
Data Analyst,NY
Data Analyst,NJ
Data Analyst,NY
Data Analyst,TX
Data Analyst,USA
Data Analyst,MD
Data Analyst,MA
Data Analyst,OH
Data Analyst,CA
Data Analyst,CA
Data Analyst,CA
Data Analyst,NY
Data Analyst,CT
Data Analyst,USA
Data Analyst,CA
Data Analyst,NY
Data Analyst,CA
Data Analyst,MA
Data Analyst,IL
Data Analyst,NC
Data Analyst,VA
Data Analyst,VA
Data Analyst,NY
Data Analyst,VA
Data Analyst,NY
Data Analyst,MA
Data Analyst,FL
Data Analyst,CA
Data Analyst,NY
Data Analyst,NC
Data Analyst,CA
Data Analyst,CA
Data Analyst,CA
Data Analyst,CA
Data Analyst,FL
Data Analyst,IL
Data Analyst,CA
Data Analyst,CA
Data Analyst,CA
Data Analyst,FL
Data Analyst,IN
Data Analyst,CA
Data Analyst,AZ
Data Analyst,TX
Data Analyst,CO
Data Analyst,CA
Data Analyst,TX
Data Analyst,USA
Data Analyst,CA
Data Analyst,FL
Data Analyst,NJ
Data Analyst,NY
Data Analyst,NY
Data Analyst,CA
Data Analyst,NY
Data Analyst,CA
Data Analyst,NY
Data Analyst,CA
Data Analyst,NY
Data Analyst,NY
Data Analyst,CT
Data Analyst,TN
Data Analyst,WA
Data Analyst,CA
Data Analyst,CA
Data Analyst,CA
Data Analyst,CA
Data Analyst,CT
Data Analyst,CA
Data Analyst,MA
Data Analyst,OH
Data Analyst,OR
Data Analyst,NY
Data Analyst,NC
Data Analyst,CA
Data Analyst,VA
Data Analyst,CA
Data Analyst,NY
Data Analyst,NY
Data Analyst,CA
Data Analyst,CA
Data Analyst,TN
Data Analyst,WA
Data Analyst,NY
Data Analyst,MA
Data Analyst,TX
Data Analyst,CA
Data Analyst,NY
Data Analyst,NY
Data Analyst,CA
Data Analyst,CA
Data Analyst,NY
Data Analyst,CA
Data Analyst,TX
Data Analyst,NY
Data Analyst,CA
Data Analyst,OH
Data Analyst,TX
Data Analyst,VA
Data Analyst,MA
Data Analyst,IL
Data Analyst,GA
Data Analyst,NY
Data Analyst,CA
Data Analyst,MA
Data Analyst,NY
Data Analyst,PA
Data Analyst,CA
Data Analyst,NJ
Data Analyst,CA
Data Analyst,IN
Data Analyst,NY
Data Analyst,DE
Data Analyst,GA
Data Analyst,NY
Data Analyst,NJ
Data Analyst,CA
Data Analyst,DC
Data Analyst,NY
Data Analyst,NY
Data Analyst,CA
Data Analyst,CA
Data Analyst,NY
Data Analyst,NY
Data Analyst,NY
Data Analyst,WA
Data Analyst,OR
Data Engineer,FL
Data Engineer,NY
Data Engineer,IA
Data Engineer,NJ
Data Engineer,WI
Data Engineer,MA
Data Engineer,NY
Data Engineer,NC
Data Engineer,SC
Data Engineer,KS
Data Engineer,MN
Data Engineer,MA
Data Engineer,
Data Engineer,CA
Data Engineer,FL
Data Engineer,KY
Data Engineer,
Data Engineer,WI
Data Engineer,IN
Data Engineer,OH
Data Engineer,CA
Data Engineer,CA
Data Engineer,IN
Data Engineer,FL
Data Engineer,VA
Data Engineer,CT
Data Engineer,FL
Data Engineer,
Data Engineer,
Data Engineer,IA
Data Engineer,CO
Data Engineer,NH
Data Engineer,PA
Data Engineer,CA
Data Engineer,IL
Data Engineer,NC
Data Engineer,NC
Data Engineer,CA
Data Engineer,
Data Engineer,CO
Data Engineer,
Data Engineer,TX
Data Engineer,TX
Data Engineer,WI
Data Engineer,
Data Engineer,MI
Data Engineer,
Data Engineer,NJ
Data Engineer,
Data Engineer,GA
Data Engineer,
Data Engineer,MA
Data Engineer,
Data Engineer,TX
Data Engineer,OH
Data Engineer,FL
Data Engineer,
Data Engineer,
Data Engineer,NH
Data Engineer,
Data Engineer,
Data Engineer,MA
Data Engineer,TN
Data Engineer,
Data Engineer,
Data Engineer,CO
Data Engineer,CA
Data Engineer,
Data Engineer,OH
Data Engineer,AL
Data Engineer,VA
Data Engineer,
Data Engineer,GA
Data Engineer,
Data Engineer,CO
Data Engineer,OR
Data Engineer,VA
Data Engineer,
Data Engineer,
Data Engineer,MI
Data Engineer,
Data Engineer,
Data Engineer,IN
Data Engineer,
Data Engineer,TX
Data Engineer,TX
Data Engineer,PA
Data Engineer,MI
Data Engineer,VA
Data Engineer,NE
Data Engineer,ME
Data Engineer,
Data Engineer,MN
Data Engineer,
Data Engineer,WI
Data Engineer,NC
Data Engineer,KS
Data Engineer,ME
Data Engineer,VA
Data Engineer,OH
Data Engineer,
Data Engineer,NC
Data Engineer,GA
Data Engineer,OH
Data Engineer,CT
Data Engineer,AZ
Data Engineer,FL
Data Engineer,CT
Data Engineer,NV
Data Engineer,PA
Data Engineer,PA
Data Engineer,CO
Data Engineer,PA
Data Engineer,
Data Engineer,VA
Data Engineer,OH
Data Engineer,CO
Data Engineer,MI
Data Engineer,WA
Data Engineer,UT
Data Engineer,PA
Data Engineer,OH
Data Engineer,PA
Data Engineer,PA
Data Engineer,GA
Data Engineer,CT
Data Engineer,IN
Data Engineer,MD
Data Engineer,CO
Data Engineer,OH
Data Engineer,TX
Data Engineer,MA
Data Engineer,TX
Data Engineer,VA
Data Engineer,IL
Data Engineer,IL
Data Engineer,IL
Data Engineer,OR
Data Engineer,GA
Data Engineer,CA
Data Engineer,MN
Data Engineer,TX
Data Engineer,AZ
Data Engineer,IA
Data Engineer,PA
Data Engineer,WV
Data Engineer,MD
Data Engineer,
Data Engineer,CA
Data Engineer,MI
Data Engineer,CT
Data Engineer,CO
Data Engineer,CA
Data Engineer,
Data Engineer,CA
Data Engineer,USA
Data Engineer,TX
Data Engineer,MI
Data Engineer,CA
Data Engineer,
Data Engineer,CA
Data Engineer,CA
Data Engineer,IL
Data Engineer,IA
Data Engineer,IN
Data Engineer,WA
Data Engineer,MI
Data Engineer,AZ
Data Engineer,CA
Data Engineer,NY
Data Engineer,TX
Data Engineer,
Data Engineer,
Data Engineer,DC
Data Engineer,CA
Data Engineer,
Data Engineer,FL
Data Engineer,MA
Data Engineer,TX
Data Engineer,OR
Data Engineer,CA
Data Engineer,MA
Data Engineer,MD
Data Engineer,TX
Data Engineer,CA
Data Engineer,MA
Data Engineer,MA
Data Engineer,CA
Data Engineer,MD
Data Engineer,CA
Data Engineer,NJ
Data Engineer,
Data Engineer,NV
Data Engineer,GA
Data Engineer,
Data Engineer,
Data Engineer,CA
Data Engineer,MN
Data Engineer,SC
Data Engineer,LA
Data Engineer,
Data Engineer,MA
Data Engineer,MD
Data Engineer,CA
Data Engineer,
Data Engineer,NV
Data Engineer,
Data Engineer,USA
Data Engineer,
Data Engineer,MT
Data Engineer,ND
Data Engineer,IL
Data Engineer,IA
Data Engineer,
Data Engineer,IA
Data Engineer,AZ
Data Engineer,NY
Data Engineer,MN
Data Engineer,CA
Data Engineer,CA
Data Engineer,CA
Data Engineer,CA
Data Engineer,
Data Engineer,AZ
Data Engineer,TX
Data Engineer,CO
Data Engineer,FL
Data Engineer,CA
Data Engineer,
Data Engineer,FL
Data Engineer,CA
Data Engineer,IL
Data Engineer,
Data Engineer,NC
Data Engineer,
Data Engineer,AZ
Data Engineer,NC
Data Engineer,IL
Data Engineer,MO
Data Engineer,
Data Engineer,
Data Engineer,OK
Data Engineer,NJ
Data Engineer,
Data Engineer,TX
Data Engineer,TX
Data Engineer,CA
Data Engineer,PA
Data Engineer,MI
Data Engineer,UT
Data Engineer,
Data Engineer,NY
Data Engineer,CO
Data Engineer,MD
Data Engineer,TN
Data Engineer,CA
Data Engineer,MA
Data Engineer,IL
Data Engineer,FL
Data Engineer,OH
Data Engineer,WI
Data Engineer,UT
Data Engineer,
Data Engineer,AL
Data Engineer,REMOTE
Data Engineer,MA
Data Engineer,TX
Data Engineer,FL
Data Engineer,CA
Data Engineer,IL
Data Engineer,NY
Data Engineer,
Data Engineer,WI
Data Engineer,CO
Data Engineer,CA
Data Engineer,CA
Data Engineer,USA
Data Engineer,UT
Data Engineer,
Data Engineer,NC
Data Engineer,TX
Data Engineer,
Data Engineer,
Data Engineer,RI
Data Engineer,OR
Data Engineer,
Data Engineer,CA
Data Engineer,
Data Engineer,TX
Data Engineer,MI
Data Engineer,PA
Data Engineer,TX
Data Engineer,NC
Data Engineer,TX
Data Engineer,WI
Data Engineer,CO
Data Engineer,
Data Engineer,CO
Data Engineer,OH
Data Engineer,NC
Data Engineer,CA
Data Engineer,WA
Data Engineer,AZ
Data Engineer,DC
Data Engineer,TX
Data Engineer,
Data Engineer,TX
Data Engineer,IL
Data Engineer,
Data Engineer,PA
Data Engineer,IL
Data Engineer,IN
Data Engineer,CA
Data Engineer,WA
Data Engineer,NY
Data Engineer,MO
Data Engineer,MA
Data Engineer,
Data Engineer,VA
Data Engineer,VA
Data Engineer,OH
Data Engineer,
Data Engineer,MD
Data Engineer,IL
Data Engineer,NJ
Data Engineer,IL
Data Engineer,
Data Engineer,
Data Engineer,MI
Data Engineer,CA
Data Engineer,IL
Data Engineer,TX
Data Engineer,CA
Data Engineer,MD
Data Engineer,USA
Data Engineer,NJ
Data Engineer,
Data Engineer,CA
Data Engineer,WI
Data Engineer,IL
Data Engineer,USA
Data Engineer,
Data Engineer,IL
Data Engineer,IL
Data Engineer,OR
Data Engineer,WA
Data Engineer,AZ
Data Engineer,NC
Data Engineer,NC
Data Engineer,TX
Data Engineer,
Data Engineer,TX
Data Engineer,OH
Data Engineer,IA
Data Engineer,PA
Data Engineer,
Data Engineer,IL
Data Engineer,IL
Data Engineer,NJ
Data Engineer,MD
Data Engineer,NC
Data Engineer,
Data Engineer,TN
Data Engineer,OH
Data Engineer,FL
Data Engineer,IL
Data Engineer,IL
Data Engineer,
Data Engineer,
Data Engineer,IL
Data Engineer,IL
Data Engineer,IL
Data Engineer,DE
Data Engineer,MA
Data Engineer,IL
Data Engineer,CA
Data Engineer,VA
Data Engineer,CT
Data Engineer,TX
Data Engineer,WA
Data Engineer,TX
Data Engineer,NC
Data Engineer,NY
Data Engineer,CT
Data Engineer,NY
Data Engineer,FL
Data Engineer,CA
Data Engineer,
Data Engineer,WA
Data Engineer,MD
Data Engineer,NC
Data Engineer,NY
Data Engineer,CO
Data Engineer,NJ
Data Engineer,DC
Data Engineer,CA
Data Engineer,CO
Data Engineer,AZ
Data Engineer,CA
Data Engineer,IL
Data Engineer,TX
Data Engineer,MA
Data Engineer,TX
Data Engineer,TX
Data Engineer,VA
Data Engineer,IN
Data Engineer,
Data Engineer,CO
Data Engineer,NC
Data Engineer,MA
Data Engineer,NY
Data Engineer,NC
Data Engineer,NC
Data Engineer,IA
Data Engineer,MD
Data Engineer,WA
Data Engineer,NC
Data Engineer,NC
Data Engineer,FL
Data Engineer,MN
Data Engineer,MA
Data Engineer,TN
Data Engineer,NY
Data Engineer,RI
Data Engineer,ME
Data Engineer,
Data Engineer,
Data Engineer,VA
Data Engineer,OR
Data Engineer,
Data Engineer,WY
Data Engineer,MA
Data Engineer,FL
Data Engineer,AR
Data Engineer,AR
Data Engineer,IA
Data Engineer,GA
Data Engineer,NY
Data Engineer,OR
Data Engineer,NC
Data Engineer,
Data Engineer,OH
Data Engineer,
Data Engineer,CA
Data Engineer,TX
Data Engineer,GA
Data Engineer,VA
Data Engineer,IL
Data Engineer,PA
Data Engineer,CO
Data Engineer,AZ
Data Engineer,VA
Data Engineer,TX
Data Engineer,NC
Data Engineer,FL
Data Engineer,VA
Data Engineer,ME
Data Engineer,
Data Engineer,NC
Data Engineer,KS
Data Engineer,CA
Data Engineer,PA
Data Engineer,MN
Data Engineer,IL
Data Engineer,NJ
Data Engineer,NY
Data Engineer,CO
Data Engineer,IL
Data Engineer,TN
Data Engineer,NC
Data Engineer,NJ
Data Engineer,
Data Engineer,IL
Data Engineer,CA
Data Engineer,GA
Data Engineer,NY
Data Engineer,
Data Engineer,DC
Data Engineer,ME
Data Engineer,DC
Data Engineer,ME
Data Engineer,WA
Data Engineer,WA
Data Engineer,
Data Engineer,IL
Data Engineer,NC
Data Engineer,PA
Data Engineer,
Data Engineer,TX
Data Engineer,MA
Data Engineer,TX
Data Engineer,OH
Data Engineer,
Data Engineer,
Data Engineer,MA
Data Engineer,MD
Data Engineer,OR
Data Engineer,DC
Data Engineer,
Data Engineer,TX
Data Engineer,PA
Data Engineer,IL
Data Engineer,TX
Data Engineer,MI
Data Engineer,IL
Data Engineer,NY
Data Engineer,PA
Data Engineer,OR
Data Engineer,MN
Data Engineer,MN
Data Engineer,NV
Data Engineer,
Data Engineer,PA
Data Engineer,VA
Data Engineer,
Data Engineer,NY
Data Engineer,
Data Engineer,DC
Data Engineer,OR
Data Engineer,AZ
Data Engineer,
Data Engineer,CT
Data Engineer,VA
Data Engineer,
Data Engineer,OH
Data Engineer,DC
Data Engineer,DC
Data Engineer,VA
Data Engineer,VA
Data Engineer,CO
Data Engineer,WA
Data Engineer,CT
Data Engineer,
Data Engineer,PA
Data Engineer,NE
Data Engineer,IL
Data Engineer,MA
Data Engineer,WA
Data Engineer,IL
Data Engineer,IL
Data Engineer,OH
Data Engineer,CA
Data Engineer,IL
Data Engineer,MI
Data Engineer,OH
Data Engineer,NC
Data Engineer,
Data Engineer,TX
Data Engineer,WA
Data Engineer,
Data Engineer,CA
Data Engineer,TX
Data Engineer,REMOTE
Data Engineer,CA
Data Engineer,NY
Data Engineer,OH
Data Engineer,CA
Data Engineer,CA
Data Engineer,CA
Data Engineer,TX
Data Engineer,CA
Data Engineer,
Data Engineer,CA
Data Engineer,CA
Data Engineer,
Data Engineer,WA
Data Engineer,
Data Engineer,CA
Data Engineer,TX
Data Engineer,NY
Data Engineer,TX
Data Engineer,NY
Data Engineer,
Data Engineer,
Data Engineer,CA
Data Engineer,CA
Data Engineer,TX
Data Engineer,
Data Engineer,CA
Data Engineer,NC
Data Engineer,CA
Data Engineer,CA
Data Engineer,CT
Data Engineer,CA
Data Engineer,CA
Data Engineer,CA
Data Engineer,
Data Engineer,MA
Data Engineer,CA
Data Engineer,TX
Data Engineer,CA
Data Engineer,
Data Engineer,
Data Engineer,
Data Engineer,CA
Data Engineer,CA
Data Engineer,NY
Data Engineer,CA
Data Engineer,CA
Data Engineer,
Data Engineer,TX
Data Engineer,WA
Data Engineer,
Data Engineer,
Data Engineer,WA
Data Engineer,NY
Data Engineer,CO
Data Engineer,NY
Data Engineer,CA
Data Engineer,
Data Engineer,NY
Data Engineer,TX
Data Engineer,TX
Data Engineer,CO
Data Engineer,DC
Data Engineer,
Data Engineer,NY
Data Engineer,
Data Engineer,DC
Data Engineer,NY
Data Engineer,
Data Engineer,CO
Data Engineer,CA
Data Engineer,CA
Data Engineer,NC
Data Engineer,
Data Engineer,CA
Data Engineer,
Data Engineer,
Data Engineer,IL
Data Engineer,MI
Data Engineer,CA
Data Engineer,NY
Data Engineer,
Data Engineer,AZ
Data Engineer,MA
Data Engineer,
Data Engineer,
Data Engineer,
Data Engineer,CO
Data Engineer,
Data Engineer,
Data Engineer,NC
Data Engineer,CA
Data Engineer,IA
Data Engineer,TX
Data Engineer,CA
Data Engineer,DC
Data Engineer,NY
Data Engineer,CA
Data Engineer,NY
Data Engineer,GA
Data Engineer,MA
Data Engineer,WA
Data Engineer,CO
Data Engineer,PA
Data Engineer,CA
Data Engineer,CA
Data Engineer,CA
Data Engineer,
Data Engineer,NY
Data Engineer,CA
Data Engineer,GA
Data Engineer,CA
Data Engineer,NY
Data Engineer,TX
Data Engineer,CA
Data Engineer,TX
Data Engineer,CA
Data Engineer,TX
Data Engineer,CA
Data Engineer,GA
Data Engineer,CA
Data Engineer,TX
Data Engineer,
Data Engineer,TX
Data Engineer,CA
Data Engineer,CA
Data Engineer,IL
Data Engineer,NJ
Data Engineer,MO
Data Engineer,TX
Data Engineer,CA
Data Engineer,MA
Data Engineer,MI
Data Engineer,PA
Data Engineer,NY
Data Engineer,CA
Data Engineer,VA
Data Engineer,
Data Engineer,IL
Data Engineer,CA
Data Engineer,CA
Data Engineer,CA
Data Engineer,WI
Data Engineer,
Data Engineer,TX
Data Engineer,CA
Data Engineer,CA
Data Engineer,NY
Data Engineer,CA
Data Engineer,AZ
Data Engineer,
Data Engineer,
Data Engineer,GA
Data Engineer,OR
Data Engineer,CA
Data Engineer,
Data Engineer,MA
Data Engineer,MA
Data Engineer,DC
Data Engineer,NY
Data Engineer,MD
Data Engineer,TX
Data Engineer,NY
Data Engineer,NC
Data Engineer,GA
Data Engineer,
Data Engineer,MN
Data Engineer,
Data Engineer,CA
Data Engineer,
Data Engineer,VA
Data Engineer,CA
Data Engineer,CA
Data Engineer,IL
Data Engineer,
Data Engineer,MN
Data Engineer,OH
Data Engineer,CA
Data Engineer,DC
Data Engineer,GA
Data Engineer,
Data Engineer,
Data Engineer,CA
Data Engineer,
Data Engineer,NY
Data Engineer,NY
Data Engineer,PA
Data Engineer,IA
Data Engineer,WA
Data Engineer,GA
Data Engineer,CA
Data Engineer,CA
Data Engineer,PA
Data Engineer,NY
Data Engineer,
Data Engineer,TN
Data Engineer,
Data Engineer,
Data Engineer,TX
Data Engineer,NY
Data Engineer,IL
Data Engineer,MO
Data Engineer,WA
Data Engineer,CA
Data Engineer,
Data Engineer,NY
Data Engineer,CA
Data Engineer,VA
Data Engineer,
Data Engineer,NC
Data Engineer,WA
Data Engineer,NY
Data Engineer,CA
Data Engineer,USA
Data Engineer,GA
Data Engineer,MA
Data Engineer,
Data Engineer,NY
Data Engineer,WA
Data Engineer,GA
Data Engineer,MN
Data Engineer,VA
Data Engineer,TX
Data Engineer,IL
Data Engineer,
Data Engineer,VA
Data Engineer,MA
Data Engineer,DC
Data Engineer,MA
Data Engineer,WA
Data Engineer,MA
Data Engineer,DC
Data Engineer,
Data Engineer,VA
Data Engineer,CT
Data Engineer,DC
Data Engineer,NY
Data Engineer,
Data Engineer,USA
Data Engineer,PA
Data Engineer,VA
Data Engineer,GA
Data Engineer,MA
Data Engineer,NY
Data Engineer,IL
Data Engineer,GA
Data Engineer,CT
Data Engineer,TX
Data Engineer,NY
Data Engineer,MO
Data Engineer,IL
Data Engineer,
Data Engineer,CA
Data Engineer,CA
Data Engineer,CA
Data Engineer,MA
Data Engineer,CA
Data Engineer,VA
Data Engineer,
Data Engineer,VA
Data Engineer,NY
Data Engineer,CA
Data Engineer,MA
Data Engineer,VA
Data Engineer,TX
Data Engineer,IL
Data Engineer,NC
Data Engineer,
Data Engineer,NY
Data Engineer,
Data Engineer,VA
Data Engineer,VA
Data Engineer,CA
Data Engineer,TX
Data Engineer,DC
Data Engineer,CO
Data Engineer,CA
Data Engineer,TX
Data Engineer,NC
Data Engineer,VA
Data Engineer,CA
Data Engineer,CO
Data Engineer,CO
Data Engineer,NY
Data Engineer,CO
Data Engineer,NY
Data Engineer,NJ
Data Engineer,MD
Data Engineer,NC
Data Engineer,CA
Data Engineer,UT
Data Engineer,WA
Data Engineer,UT
Data Engineer,IL
Data Engineer,CO
Data Engineer,CA
Data Engineer,MA
Data Engineer,IL
Data Engineer,MA
Data Engineer,CA
Data Engineer,CA
Data Engineer,GA
Data Engineer,WA
Data Engineer,CA
Data Engineer,MD
Data Engineer,NV
Data Engineer,OH
Data Engineer,WA
Data Engineer,IL
Data Engineer,MI
Data Engineer,NY
Data Engineer,CT
Data Engineer,IL
Data Engineer,CA
Data Engineer,CO
Data Engineer,
Data Engineer,MD
Data Engineer,TX
Data Engineer,OR
Data Engineer,CA
Data Engineer,CO
Data Engineer,NY
Data Engineer,NY
Data Engineer,TX
Data Engineer,WA
Data Engineer,
Data Engineer,VA
Data Engineer,MO
Data Engineer,
Data Engineer,PA
Data Engineer,IL
Data Engineer,VA
Data Engineer,NY
Data Engineer,MD
Data Engineer,
Data Engineer,CA
Data Engineer,VA
Data Engineer,MO
Data Engineer,WA
Data Engineer,IL
Data Engineer,NY
Data Engineer,VA
Data Engineer,
Data Engineer,CO
Data Engineer,IL
Data Engineer,MA
Data Engineer,VA
Data Engineer,OR
Data Engineer,OR
Data Engineer,VA
Data Engineer,UT
Data Engineer,NC
Data Engineer,VA
Data Engineer,VA
Data Engineer,VA
Data Engineer,CA
Data Engineer,TX
Data Engineer,MA
Data Engineer,PA
Data Engineer,
Data Engineer,
Data Engineer,
Data Engineer,TN
Data Engineer,CA
Data Engineer,
Data Engineer,TX
Data Engineer,CA
Data Engineer,VA
Data Engineer,
Data Engineer,NJ
Data Engineer,
Data Engineer,
Data Engineer,
Data Engineer,WA
Data Engineer,WA
Data Engineer,CA
Data Engineer,CA
Data Engineer,IL
Data Engineer,VA
Data Engineer,WA
Data Engineer,TX
Data Engineer,WA
Data Engineer,TX
Data Engineer,
Data Engineer,OH
Data Engineer,
Data Engineer,
Data Engineer,CA
Data Engineer,
Data Engineer,OH
Data Engineer,
Data Engineer,CA
Data Engineer,OR
Data Engineer,
Data Engineer,
Data Engineer,CA
Data Engineer,
Data Engineer,CA
Data Engineer,MA
Data Engineer,MA
Data Engineer,OH
Data Engineer,
Data Engineer,CA
Data Engineer,TX
Data Engineer,VA
Data Engineer,
Data Engineer,
Data Engineer,
Data Engineer,
Data Engineer,
Data Engineer,
Data Engineer,
Data Engineer,OR
Data Engineer,
Data Engineer,
Data Engineer,WA
Data Engineer,NY
Data Engineer,
Data Engineer,VA
Data Engineer,DC
Data Engineer,OH
Data Engineer,IL
Data Engineer,IL
Data Engineer,CA
Data Engineer,CO
Data Engineer,DE
Data Engineer,DC
Data Engineer,OH
Data Engineer,WA
Data Engineer,NY
Data Engineer,OR
Data Engineer,IN
Data Engineer,
Data Engineer,
Data Engineer,
Data Engineer,CA
Data Engineer,CA
Data Engineer,VA
Data Engineer,
Data Engineer,NY
Data Engineer,
Data Engineer,
Data Engineer,
Data Engineer,CA
Data Engineer,MD
Data Engineer,MI
Data Engineer,MA
Data Engineer,CA
Data Engineer,NY
Data Engineer,CA
Data Engineer,
Data Engineer,
Data Engineer,CA
Data Engineer,NY
Data Engineer,CA
Data Engineer,NY
Data Engineer,
Data Engineer,CA
Data Engineer,NY
Data Engineer,CA
Data Engineer,NY
Data Engineer,MA
Data Engineer,CA
Data Engineer,CA
Data Engineer,CA
Data Engineer,CA
Data Engineer,NY
Data Engineer,
Data Engineer,CA
Data Engineer,CA
Data Engineer,NY
Data Engineer,
Data Engineer,TX
Data Engineer,WA
Data Engineer,AZ
Data Engineer,
Data Engineer,
Data Engineer,CA
Data Engineer,
Data Engineer,CA
Data Engineer,CA
Data Engineer,
Data Engineer,CA
Data Engineer,WA
Data Engineer,NY
Data Engineer,
Data Engineer,CA
Data Engineer,CO
Data Engineer,CA
Data Engineer,CA
Data Engineer,NY
Data Engineer,TX
Data Engineer,CA
Data Engineer,CA
Data Engineer,CA
Data Engineer,CA
Data Engineer,DC
Data Engineer,GA
Data Engineer,TX
Data Engineer,CA
Data Engineer,CA
Data Engineer,DE
Data Engineer,CA
Data Engineer,WA
Data Engineer,IL
Data Engineer,IL
Data Engineer,IL
Data Engineer,
Data Engineer,VA
Data Engineer,MA
Data Engineer,GA
Data Engineer,CA
Data Engineer,CA
Data Engineer,CA
Data Engineer,MN
Data Engineer,MA
Data Engineer,
Data Engineer,NY
Data Engineer,CA
Data Engineer,CA
Data Engineer,
Data Engineer,CA
Data Engineer,CA
Data Engineer,WA
Data Engineer,CA
Data Engineer,CA
Data Engineer,NY
Data Engineer,NY
Data Engineer,IL
Data Engineer,NY
Data Engineer,CA
Data Engineer,
Data Engineer,TX
Data Engineer,WA
Data Engineer,
Data Engineer,CA
Data Engineer,
Data Engineer,NY
Data Engineer,CO
Data Engineer,CA
Data Engineer,CA
Data Engineer,CA
Data Engineer,TX
Data Engineer,CA
Data Engineer,MA
Data Engineer,
Data Engineer,IL
Data Engineer,CA
Data Engineer,CA
Data Engineer,CA
Data Engineer,VA
Data Engineer,MA
Data Engineer,CA
Data Engineer,
Data Engineer,
Data Engineer,CA
Data Engineer,CA
Data Engineer,CA
Data Engineer,CA
Data Engineer,PA
Data Engineer,
Data Engineer,
Data Engineer,
Data Engineer,CA
Data Engineer,IL
Data Engineer,CA
Data Engineer,CA
Data Engineer,CA
Data Engineer,CA
Data Engineer,CA
Data Engineer,CA
Data Engineer,NY
Data Engineer,CA
Data Engineer,CA
Data Engineer,
Data Engineer,CA
Data Engineer,VA
Data Engineer,CA
Data Engineer,
Data Engineer,WA
Data Engineer,CA
Data Engineer,
Data Engineer,WA
Data Engineer,VA
Data Engineer,NJ
Data Engineer,NY
Data Engineer,CA
Data Engineer,OR
Data Engineer,
Data Engineer,CA
Data Engineer,CA
Data Engineer,CA
Data Engineer,CA
Data Engineer,CA
Data Engineer,CA
Data Engineer,VA
Data Engineer,
Data Engineer,VA
Data Engineer,TX
Data Engineer,CA
Data Engineer,VA
Data Engineer,
Data Engineer,TX
Data Engineer,CA
Data Engineer,DC
Data Engineer,NY
Data Engineer,CA
Data Engineer,USA
Data Engineer,CA
Data Engineer,CA
Data Engineer,
Data Engineer,
Data Engineer,
Data Engineer,CA
Data Engineer,CA
Data Engineer,
Data Engineer,CA
Data Engineer,
Data Engineer,CA
Data Engineer,CA
Data Engineer,GA
Data Engineer,VA
Data Engineer,NC
Data Engineer,
Data Engineer,CA
Data Engineer,MA
Data Engineer,CA
Data Engineer,CA
Data Engineer,CA
Data Engineer,CA
Data Engineer,CA
Data Engineer,CA
Data Engineer,CA
Data Engineer,CA
Data Engineer,CA
Data Engineer,VA
Data Engineer,CA
Data Engineer,CA
Data Engineer,
Data Engineer,CA
Data Engineer,CA
Data Engineer,NY
Data Engineer,VA
Data Engineer,CA
Data Engineer,OR
Data Engineer,MA
Data Engineer,VA
Data Engineer,NY
Data Engineer,NC
Data Engineer,
Data Engineer,VA
Data Engineer,TX
Data Engineer,CA
Data Engineer,
Data Engineer,CA
Data Engineer,VA
Data Engineer,CA
Data Engineer,NY
Data Engineer,NY
Data Engineer,
Data Engineer,
Data Engineer,NY
Data Engineer,CA
Data Engineer,NY
Data Engineer,NJ
Data Engineer,CA
Data Engineer,CA
Data Engineer,VA
Data Engineer,CA
Data Engineer,VA
Data Engineer,IL
Data Engineer,NY
Data Engineer,CA
Data Engineer,CA
Data Engineer,NY
Data Engineer,NY
Data Engineer,
Data Engineer,NY
Data Engineer,DC
Data Engineer,NJ
Data Engineer,VA
Data Engineer,CA
Data Engineer,CA
Data Engineer,NY
Data Engineer,NY
Data Engineer,NY
Data Engineer,
Data Engineer,NY
Data Engineer,NY
Data Engineer,NY
Data Engineer,
Data Engineer,
Data Engineer,VA
Data Engineer,NY
Data Engineer,IL
Data Engineer,IL
Data Engineer,IL
Data Engineer,NY
Data Engineer,CA
Data Engineer,NY
Data Engineer,VA
Data Engineer,MA
Data Engineer,
Data Engineer,CO
Data Engineer,CO
Data Engineer,MD
Data Engineer,NC
Data Engineer,VA
Data Engineer,CT
Data Engineer,VA
Data Engineer,VA
Data Engineer,CA
Data Engineer,NJ
Data Engineer,VA
Data Engineer,VA
Data Engineer,
Data Engineer,NY
Data Engineer,MA
Data Engineer,NY
Data Engineer,
Data Engineer,
Data Engineer,NY
Data Engineer,IL
Data Engineer,
Data Engineer,SC
Data Engineer,NY
Data Engineer,
Data Engineer,NY
Data Engineer,NY
Data Engineer,
Data Engineer,CA
Data Engineer,WA
Data Engineer,NY
Data Engineer,
Data Engineer,CA
Data Engineer,CA
Data Engineer,CA
Data Engineer,NY
Data Engineer,CA
Data Engineer,NY
Data Engineer,NY
Data Engineer,CA
Data Engineer,VA
Data Engineer,NY
Data Engineer,VA
Data Engineer,CA
Data Engineer,CA
Data Engineer,NJ
Data Engineer,CA
Data Engineer,CA
Data Engineer,CA
Data Engineer,NY
Data Engineer,
Data Engineer,
Data Engineer,CA
Data Engineer,CA
Data Engineer,
Data Engineer,NY
Data Engineer,CA
Data Engineer,NY
Data Engineer,CA
Data Engineer,CA
Data Engineer,CA
Data Engineer,DC
Data Engineer,CA
Data Engineer,NY
Data Engineer,CA
Data Engineer,CA
Data Engineer,WA
Data Engineer,CA
Data Engineer,NY
Data Engineer,CA
Data Engineer,NY
Data Engineer,CA
Data Engineer,CA
Data Engineer,CA
Data Engineer,CA
Data Engineer,NY
Data Engineer,CA
Data Engineer,
Data Engineer,
Data Engineer,CA
Data Engineer,NY
Data Engineer,CA
Data Engineer,CA
Data Engineer,
Data Engineer,NY
Data Engineer,CA
Data Engineer,CA
Data Engineer,CA
Data Engineer,CA
Data Engineer,NJ
Data Engineer,CA
Data Engineer,CA
Data Engineer,CA
Data Engineer,CA
Data Engineer,
Data Engineer,CA
Data Engineer,MA
Data Engineer,NY
Data Engineer,NY
Data Engineer,CA
Data Engineer,CA
Data Engineer,CA
Data Engineer,CA
Data Engineer,CA
Data Engineer,NY
Data Engineer,CA
Data Engineer,MA
Data Engineer,CA
Data Engineer,CA
Data Engineer,WA
Data Engineer,
Data Engineer,VA
Data Engineer,CA
Data Engineer,NY
Data Engineer,NJ
Data Engineer,CA
Data Engineer,CA
Data Engineer,CA
Data Engineer,CA
Data Engineer,
Data Engineer,
Data Engineer,CA
Data Engineer,DE
Data Engineer,NY
Data Engineer,MD
